-- Adminer 3.6.2 MySQL dump

SET NAMES utf8;
SET foreign_key_checks = 0;
SET time_zone = 'SYSTEM';
SET sql_mode = 'NO_AUTO_VALUE_ON_ZERO';

DROP TABLE IF EXISTS `articles`;
CREATE TABLE `articles` (
  `id` int(10) unsigned NOT NULL AUTO_INCREMENT,
  `title` varchar(200) DEFAULT NULL,
  `content` text,
  PRIMARY KEY (`id`)
) ENGINE=MyISAM DEFAULT CHARSET=latin1;

INSERT INTO `articles` (`id`, `title`, `content`) VALUES
(5,	'dfgdfgdf',	'dfgsdfg'),
(4,	'sdfsdfsd',	'safsdf'),
(6,	'sdgsdgfd',	'dfgdfgfdgdf\nfghfghfghfgh'),
(9,	'jai maa Durga',	'om namah shivay !');

DROP TABLE IF EXISTS `listcontacts`;
CREATE TABLE `listcontacts` (
  `id` int(10) unsigned NOT NULL AUTO_INCREMENT,
  `name` varchar(100) DEFAULT NULL,
  `email` varchar(1000) DEFAULT NULL,
  `sent_status` int(11) DEFAULT '0',
  `register_status` int(11) DEFAULT '0',
  `referrer_id` varchar(1000) DEFAULT NULL,
  `created` datetime DEFAULT NULL,
  `modified` datetime DEFAULT NULL,
  PRIMARY KEY (`id`)
) ENGINE=MyISAM DEFAULT CHARSET=latin1;


DROP TABLE IF EXISTS `referralprogdetails`;
CREATE TABLE `referralprogdetails` (
  `referralProgDetailsID` int(11) NOT NULL AUTO_INCREMENT,
  `languageID` int(11) NOT NULL,
  `referralProgID` int(11) NOT NULL,
  `referralProgTitle` varchar(255) NOT NULL,
  `referralProgDescription` varchar(255) NOT NULL,
  `referralProgTCs` text NOT NULL,
  `referralProgSocShareReward` varchar(255) NOT NULL,
  `referralProgHighlights` text NOT NULL,
  `dealMetaTitle` text NOT NULL,
  `dealMetaDescription` text NOT NULL,
  `dealMetaKeywords` text NOT NULL,
  PRIMARY KEY (`referralProgDetailsID`),
  KEY `indexDealID` (`referralProgID`),
  KEY `dealIDLngIndex` (`languageID`,`referralProgID`)
) ENGINE=MyISAM DEFAULT CHARSET=utf8;

INSERT INTO `referralprogdetails` (`referralProgDetailsID`, `languageID`, `referralProgID`, `referralProgTitle`, `referralProgDescription`, `referralProgTCs`, `referralProgSocShareReward`, `referralProgHighlights`, `dealMetaTitle`, `dealMetaDescription`, `dealMetaKeywords`) VALUES
(106,	0,	116,	'',	'',	'',	'',	'',	'',	'',	''),
(107,	0,	116,	'',	'',	'',	'',	'',	'',	'',	''),
(118,	0,	122,	'Test campaign 2',	'Test campaign 2 description',	'',	'',	'',	'',	'',	''),
(100,	0,	112,	'My first compaign',	'Test compaign',	'',	'',	'',	'',	'',	''),
(96,	0,	107,	'1500$ de crédits pour voyager ou vous voulez!',	'1500$ de crédits pour voyager ou vous voulez!',	'',	'',	'',	'',	'',	''),
(97,	0,	108,	'This is test compaign by Jyoti',	'This is test compaign by Jyoti',	'',	'',	'',	'',	'',	''),
(121,	0,	124,	'test referral 24 feb',	'test referral 24 feb description',	'frtyyly',	'',	'',	'',	'',	''),
(104,	0,	116,	'dfgfdg',	'vcbcv',	'',	'',	'',	'',	'',	''),
(101,	0,	113,	'1500$ de crédits pour voyager ou vous voulez!',	'1500$ de crédits pour voyager ou vous voulez!',	'',	'',	'',	'',	'',	''),
(108,	0,	116,	'',	'',	'',	'',	'',	'',	'',	''),
(109,	0,	116,	'test',	'',	'',	'',	'',	'',	'',	''),
(110,	0,	117,	'sdf',	'',	'',	'',	'',	'',	'',	''),
(114,	0,	120,	'',	'',	'',	'',	'',	'',	'',	''),
(112,	0,	118,	'',	'',	'',	'',	'',	'',	'',	''),
(116,	0,	121,	'',	'',	'',	'',	'',	'',	'',	''),
(124,	0,	127,	'test on 3 march',	'description test on 3 march..',	'',	'',	'',	'',	'',	''),
(128,	0,	130,	'testing on 5 march',	'...........',	'',	'',	'',	'',	'',	''),
(135,	0,	140,	'title test',	'description test',	'',	'',	'',	'',	'',	''),
(151,	0,	162,	'A chance to win an iPad 3!',	'Enter for a chance to win an iPad 3 64 Gig!',	'sdfsdfsdfsdf',	'',	'',	'',	'',	''),
(218,	0,	237,	'\';yff fvg',	'ty\'vfgtyu\'\ntfy',	'adasdas',	'',	'',	'',	'',	''),
(216,	0,	235,	'A chance to win an iPad 3!',	'A chance to win an iPad 3!',	'integration',	'5',	'',	'',	'',	''),
(217,	0,	236,	'ssdadsadasdsad',	'',	'cccsavsafES',	'',	'',	'',	'',	''),
(215,	0,	234,	'aaaaaasssjfnbnvdhfkl[pdssdjgfigf',	'',	'',	'11',	'',	'',	'',	''),
(214,	0,	234,	'fsadfsdafds',	'',	'asdadsad',	'',	'',	'',	'',	''),
(207,	0,	227,	'Total Test again',	'Nothing',	'www.chelseafc.com',	'70',	'',	'',	'',	''),
(208,	0,	229,	'Test mrr4',	'',	'asdd',	'5',	'',	'',	'',	''),
(213,	0,	234,	'ddfsdfds',	'',	'asdadsad',	'',	'',	'',	'',	''),
(212,	0,	233,	'ddfsdfds',	'',	'asd',	'',	'',	'',	'',	''),
(210,	0,	232,	'Total Test edit2',	'This is for checking everything',	'google.com',	'2',	'',	'',	'',	''),
(211,	0,	233,	'ddfsdfds',	'',	'asd',	'',	'',	'',	'',	'');

DROP TABLE IF EXISTS `referralprogs`;
CREATE TABLE `referralprogs` (
  `refProgID` int(20) NOT NULL AUTO_INCREMENT,
  `customerID` int(11) NOT NULL,
  `refProgTypeID` int(11) NOT NULL,
  `startTime` date NOT NULL,
  `endTime` date NOT NULL,
  `minReferralRequired` int(11) DEFAULT NULL,
  `maxReferralLimit` int(11) NOT NULL,
  `rewardFrequence` enum('once','every time') NOT NULL,
  `actionRewarded` enum('enter this campaign on','convert on','visit') NOT NULL COMMENT 'Action required for ther referrer to get his rewards',
  `rewardsPerAction` int(11) NOT NULL COMMENT 'Rewards the referrer gets per action completed by the referres',
  `entryEmailNotification` enum('yes','no') NOT NULL,
  `replyEmail` varchar(100) NOT NULL,
  `refProgStatus` enum('Active','Inactive','Cancelled','Deleted') NOT NULL,
  `refProgInstantRewardActivated` enum('yes','no') NOT NULL,
  `refProgCreatedDate` timestamp NOT NULL DEFAULT CURRENT_TIMESTAMP ON UPDATE CURRENT_TIMESTAMP,
  `refProgUniqueKeyID` varchar(100) NOT NULL,
  `no_impressions` int(11) NOT NULL DEFAULT '0',
  `no_clicks` int(11) NOT NULL DEFAULT '0',
  PRIMARY KEY (`refProgID`),
  KEY `indexCustomerID` (`customerID`)
) ENGINE=MyISAM DEFAULT CHARSET=utf8;

INSERT INTO `referralprogs` (`refProgID`, `customerID`, `refProgTypeID`, `startTime`, `endTime`, `minReferralRequired`, `maxReferralLimit`, `rewardFrequence`, `actionRewarded`, `rewardsPerAction`, `entryEmailNotification`, `replyEmail`, `refProgStatus`, `refProgInstantRewardActivated`, `refProgCreatedDate`, `refProgUniqueKeyID`, `no_impressions`, `no_clicks`) VALUES
(95,	38,	1,	'0000-00-00',	'0000-00-00',	NULL,	0,	'once',	'enter this campaign on',	0,	'yes',	'',	'Active',	'yes',	'0000-00-00 00:00:00',	'',	0,	0),
(87,	38,	1,	'0000-00-00',	'0000-00-00',	NULL,	0,	'once',	'enter this campaign on',	0,	'yes',	'',	'Active',	'yes',	'0000-00-00 00:00:00',	'',	0,	0),
(86,	38,	1,	'0000-00-00',	'0000-00-00',	NULL,	0,	'once',	'enter this campaign on',	0,	'yes',	'',	'Active',	'yes',	'0000-00-00 00:00:00',	'',	0,	0),
(88,	38,	2,	'0000-00-00',	'0000-00-00',	NULL,	0,	'once',	'enter this campaign on',	0,	'yes',	'',	'Active',	'yes',	'0000-00-00 00:00:00',	'',	0,	0),
(90,	37,	1,	'0000-00-00',	'0000-00-00',	NULL,	0,	'once',	'enter this campaign on',	0,	'yes',	'',	'Active',	'yes',	'0000-00-00 00:00:00',	'',	0,	0),
(92,	38,	1,	'0000-00-00',	'0000-00-00',	NULL,	0,	'once',	'enter this campaign on',	0,	'yes',	'',	'Active',	'yes',	'0000-00-00 00:00:00',	'',	0,	0),
(93,	38,	2,	'0000-00-00',	'0000-00-00',	NULL,	0,	'once',	'enter this campaign on',	0,	'yes',	'',	'Active',	'yes',	'0000-00-00 00:00:00',	'',	0,	0),
(124,	38,	1,	'2014-02-19',	'2014-02-21',	10,	0,	'once',	'visit',	0,	'yes',	'',	'Active',	'yes',	'2014-06-03 06:14:27',	'',	50,	58),
(108,	41,	1,	'2014-01-17',	'2014-02-08',	10,	0,	'once',	'enter this campaign on',	0,	'yes',	'',	'Active',	'yes',	'2014-06-24 05:56:11',	'',	323,	49),
(112,	41,	1,	'2014-02-14',	'2014-02-15',	20,	0,	'once',	'visit',	0,	'yes',	'',	'Active',	'yes',	'2014-03-07 06:11:02',	'',	1,	0),
(110,	38,	1,	'0000-00-00',	'0000-00-00',	NULL,	0,	'once',	'enter this campaign on',	0,	'yes',	'',	'Active',	'yes',	'2014-03-19 07:58:19',	'',	2,	0),
(111,	41,	1,	'0000-00-00',	'0000-00-00',	NULL,	0,	'once',	'enter this campaign on',	0,	'yes',	'',	'Active',	'yes',	'2014-03-07 06:10:59',	'',	1,	0),
(115,	38,	1,	'0000-00-00',	'0000-00-00',	NULL,	0,	'once',	'enter this campaign on',	0,	'yes',	'',	'Active',	'yes',	'2014-03-07 06:11:12',	'',	1,	0),
(119,	38,	1,	'0000-00-00',	'0000-00-00',	NULL,	0,	'once',	'enter this campaign on',	0,	'yes',	'',	'Active',	'yes',	'2014-02-22 01:37:55',	'',	0,	0),
(127,	38,	1,	'2014-03-12',	'2014-03-27',	11,	0,	'once',	'visit',	0,	'yes',	'',	'Active',	'yes',	'2014-03-13 08:02:17',	'',	1,	1),
(133,	38,	1,	'0000-00-00',	'0000-00-00',	NULL,	0,	'once',	'enter this campaign on',	0,	'yes',	'',	'Active',	'yes',	'2014-03-06 23:13:36',	'',	0,	0),
(140,	38,	1,	'2014-03-16',	'2014-03-29',	10,	0,	'once',	'visit',	0,	'yes',	'',	'Active',	'yes',	'2014-03-13 07:12:19',	'',	32,	32),
(135,	38,	1,	'0000-00-00',	'0000-00-00',	NULL,	0,	'once',	'enter this campaign on',	0,	'yes',	'',	'Active',	'yes',	'2014-03-06 23:32:18',	'',	0,	0),
(138,	38,	1,	'0000-00-00',	'0000-00-00',	NULL,	0,	'once',	'enter this campaign on',	0,	'yes',	'',	'Active',	'yes',	'2014-03-10 02:25:16',	'',	3,	0),
(145,	38,	2,	'0000-00-00',	'0000-00-00',	NULL,	0,	'once',	'enter this campaign on',	0,	'yes',	'',	'Active',	'yes',	'2014-03-10 23:12:40',	'',	0,	0),
(161,	37,	1,	'2014-06-12',	'2014-08-31',	10,	0,	'once',	'enter this campaign on',	0,	'yes',	'',	'Active',	'yes',	'2014-06-12 06:38:26',	'53999f354a338',	1,	1),
(162,	37,	2,	'2014-06-11',	'2014-07-31',	1,	0,	'',	'enter this campaign on',	0,	'yes',	'',	'Active',	'yes',	'2014-06-12 19:17:30',	'539a50dfb46fb',	1,	1),
(159,	38,	1,	'2014-06-16',	'2014-06-25',	10,	0,	'once',	'visit',	0,	'yes',	'',	'Active',	'yes',	'2014-06-10 05:24:27',	'',	0,	0),
(151,	38,	1,	'2014-05-24',	'2014-05-29',	5,	0,	'once',	'visit',	0,	'yes',	'',	'Active',	'yes',	'2014-05-22 23:56:36',	'537ed8d16b605',	34,	34),
(152,	38,	1,	'0000-00-00',	'0000-00-00',	NULL,	0,	'once',	'enter this campaign on',	0,	'yes',	'',	'Active',	'yes',	'2014-05-23 06:30:41',	'',	0,	0),
(174,	38,	1,	'0000-00-00',	'0000-00-00',	0,	0,	'once',	'visit',	0,	'yes',	'',	'Active',	'yes',	'2014-06-26 00:25:23',	'',	0,	0),
(154,	38,	1,	'0000-00-00',	'0000-00-00',	NULL,	0,	'once',	'enter this campaign on',	0,	'yes',	'',	'Active',	'yes',	'2014-06-03 23:43:15',	'',	0,	0),
(156,	38,	1,	'0000-00-00',	'0000-00-00',	NULL,	0,	'once',	'enter this campaign on',	0,	'yes',	'',	'Active',	'yes',	'2014-06-03 23:59:02',	'',	0,	0),
(157,	38,	1,	'0000-00-00',	'0000-00-00',	NULL,	0,	'once',	'enter this campaign on',	0,	'yes',	'',	'Active',	'yes',	'2014-06-03 23:59:31',	'',	0,	0),
(158,	38,	1,	'0000-00-00',	'0000-00-00',	NULL,	0,	'once',	'enter this campaign on',	0,	'yes',	'',	'Active',	'yes',	'2014-06-10 05:23:06',	'5396ea9a1c1a1',	0,	0),
(163,	38,	1,	'0000-00-00',	'0000-00-00',	NULL,	0,	'once',	'enter this campaign on',	0,	'yes',	'',	'Active',	'yes',	'2014-06-21 09:45:31',	'',	0,	0),
(164,	38,	1,	'0000-00-00',	'0000-00-00',	NULL,	0,	'once',	'enter this campaign on',	0,	'yes',	'',	'Active',	'yes',	'2014-06-21 11:01:48',	'',	0,	0),
(165,	38,	1,	'0000-00-00',	'0000-00-00',	NULL,	0,	'once',	'enter this campaign on',	0,	'yes',	'',	'Active',	'yes',	'2014-06-24 05:15:48',	'',	0,	0),
(166,	38,	1,	'0000-00-00',	'0000-00-00',	NULL,	0,	'once',	'enter this campaign on',	0,	'yes',	'',	'Active',	'yes',	'2014-06-24 06:20:32',	'53a96d1025ac1',	0,	0),
(167,	38,	1,	'0000-00-00',	'0000-00-00',	NULL,	0,	'once',	'enter this campaign on',	0,	'yes',	'',	'Active',	'yes',	'2014-06-24 08:27:42',	'',	0,	0),
(173,	38,	1,	'0000-00-00',	'0000-00-00',	NULL,	0,	'once',	'enter this campaign on',	0,	'yes',	'',	'Active',	'yes',	'2014-06-26 00:23:56',	'53abbc7c26b7a',	0,	0),
(169,	37,	1,	'0000-00-00',	'0000-00-00',	NULL,	0,	'once',	'enter this campaign on',	0,	'yes',	'',	'Active',	'yes',	'2014-06-25 21:03:30',	'',	0,	0),
(170,	37,	1,	'0000-00-00',	'0000-00-00',	NULL,	0,	'once',	'enter this campaign on',	0,	'yes',	'',	'Active',	'yes',	'2014-06-25 21:25:13',	'53ab9299974c7',	0,	0),
(171,	37,	2,	'2014-06-01',	'2014-06-26',	1,	0,	'once',	'enter this campaign on',	0,	'yes',	'',	'Active',	'yes',	'2014-06-25 21:42:37',	'53ab96ad66708',	0,	0),
(172,	37,	2,	'0000-00-00',	'0000-00-00',	NULL,	0,	'once',	'enter this campaign on',	0,	'yes',	'',	'Active',	'yes',	'2014-06-25 21:46:11',	'',	0,	0),
(175,	38,	2,	'0000-00-00',	'0000-00-00',	NULL,	0,	'once',	'enter this campaign on',	0,	'yes',	'',	'Active',	'yes',	'2014-06-26 00:26:15',	'',	0,	0),
(176,	38,	1,	'0000-00-00',	'0000-00-00',	NULL,	0,	'once',	'enter this campaign on',	0,	'yes',	'',	'Active',	'yes',	'2014-06-27 00:53:45',	'',	0,	0),
(177,	38,	1,	'0000-00-00',	'0000-00-00',	NULL,	0,	'once',	'enter this campaign on',	0,	'yes',	'',	'Active',	'yes',	'2014-06-27 00:57:09',	'',	0,	0),
(178,	38,	1,	'2014-06-18',	'2014-06-30',	0,	0,	'once',	'visit',	0,	'yes',	'',	'Active',	'yes',	'2014-06-27 01:07:11',	'',	0,	0),
(179,	38,	2,	'0000-00-00',	'0000-00-00',	NULL,	0,	'once',	'enter this campaign on',	0,	'yes',	'',	'Active',	'yes',	'2014-06-27 01:28:51',	'',	0,	0),
(180,	38,	2,	'0000-00-00',	'0000-00-00',	NULL,	0,	'once',	'enter this campaign on',	0,	'yes',	'',	'Active',	'yes',	'2014-06-27 01:58:24',	'53ad242056d19',	0,	0),
(181,	38,	1,	'0000-00-00',	'0000-00-00',	NULL,	0,	'once',	'enter this campaign on',	0,	'yes',	'',	'Active',	'yes',	'2014-06-27 02:37:18',	'',	0,	0),
(182,	38,	1,	'0000-00-00',	'0000-00-00',	NULL,	0,	'once',	'enter this campaign on',	0,	'yes',	'',	'Active',	'yes',	'2014-06-27 03:06:30',	'',	0,	0),
(184,	38,	2,	'2014-06-10',	'2014-06-30',	10,	0,	'once',	'visit',	0,	'yes',	'',	'Active',	'yes',	'2014-06-27 04:10:26',	'',	0,	0),
(207,	38,	1,	'0000-00-00',	'0000-00-00',	NULL,	0,	'once',	'enter this campaign on',	0,	'yes',	'',	'Active',	'yes',	'2014-06-29 23:00:01',	'',	0,	0),
(186,	38,	2,	'2014-06-10',	'2014-06-09',	2,	0,	'once',	'enter this campaign on',	0,	'yes',	'',	'Active',	'yes',	'2014-06-27 04:28:19',	'53ad4742efb09',	0,	0),
(187,	38,	2,	'2014-06-09',	'2014-06-18',	5,	0,	'',	'visit',	0,	'yes',	'',	'Active',	'yes',	'2014-06-27 04:30:31',	'',	0,	0),
(188,	38,	1,	'0000-00-00',	'0000-00-00',	NULL,	0,	'once',	'enter this campaign on',	0,	'yes',	'',	'Active',	'yes',	'2014-06-27 05:42:11',	'',	0,	0),
(189,	38,	1,	'0000-00-00',	'0000-00-00',	NULL,	0,	'once',	'enter this campaign on',	0,	'yes',	'',	'Active',	'yes',	'2014-06-27 06:02:18',	'',	0,	0),
(190,	38,	1,	'0000-00-00',	'0000-00-00',	NULL,	0,	'once',	'enter this campaign on',	0,	'yes',	'',	'Active',	'yes',	'2014-06-27 06:04:46',	'',	0,	0),
(191,	38,	2,	'0000-00-00',	'0000-00-00',	NULL,	0,	'once',	'enter this campaign on',	0,	'yes',	'',	'Active',	'yes',	'2014-06-27 07:03:07',	'',	0,	0),
(192,	38,	1,	'0000-00-00',	'0000-00-00',	NULL,	0,	'once',	'enter this campaign on',	0,	'yes',	'',	'Active',	'yes',	'2014-06-27 07:04:19',	'',	0,	0),
(193,	38,	2,	'0000-00-00',	'0000-00-00',	NULL,	0,	'once',	'enter this campaign on',	0,	'yes',	'',	'Active',	'yes',	'2014-06-27 07:04:38',	'',	0,	0),
(194,	38,	1,	'0000-00-00',	'0000-00-00',	NULL,	0,	'once',	'enter this campaign on',	0,	'yes',	'',	'Active',	'yes',	'2014-06-27 07:15:07',	'',	0,	0),
(195,	38,	2,	'0000-00-00',	'0000-00-00',	NULL,	0,	'once',	'enter this campaign on',	0,	'yes',	'',	'Active',	'yes',	'2014-06-27 07:15:25',	'',	0,	0),
(196,	38,	1,	'0000-00-00',	'0000-00-00',	NULL,	0,	'once',	'enter this campaign on',	0,	'yes',	'',	'Active',	'yes',	'2014-06-27 07:16:15',	'',	0,	0),
(197,	38,	1,	'0000-00-00',	'0000-00-00',	NULL,	0,	'once',	'enter this campaign on',	0,	'yes',	'',	'Active',	'yes',	'2014-06-29 21:48:35',	'',	0,	0),
(198,	38,	2,	'0000-00-00',	'0000-00-00',	NULL,	0,	'once',	'enter this campaign on',	0,	'yes',	'',	'Active',	'yes',	'2014-06-29 21:49:21',	'',	0,	0),
(199,	38,	1,	'0000-00-00',	'0000-00-00',	NULL,	0,	'once',	'enter this campaign on',	0,	'yes',	'',	'Active',	'yes',	'2014-06-29 21:55:15',	'',	0,	0),
(200,	38,	1,	'0000-00-00',	'0000-00-00',	NULL,	0,	'once',	'enter this campaign on',	0,	'yes',	'',	'Active',	'yes',	'2014-06-29 22:10:19',	'',	0,	0),
(201,	38,	1,	'0000-00-00',	'0000-00-00',	NULL,	0,	'once',	'enter this campaign on',	0,	'yes',	'',	'Active',	'yes',	'2014-06-29 22:12:57',	'',	0,	0),
(202,	38,	2,	'0000-00-00',	'0000-00-00',	NULL,	0,	'once',	'enter this campaign on',	0,	'yes',	'',	'Active',	'yes',	'2014-06-29 22:24:49',	'',	0,	0),
(203,	38,	1,	'0000-00-00',	'0000-00-00',	NULL,	0,	'once',	'enter this campaign on',	0,	'yes',	'',	'Active',	'yes',	'2014-06-29 22:40:52',	'',	0,	0),
(204,	38,	2,	'0000-00-00',	'0000-00-00',	NULL,	0,	'once',	'enter this campaign on',	0,	'yes',	'',	'Active',	'yes',	'2014-06-29 22:41:10',	'',	0,	0),
(205,	38,	1,	'0000-00-00',	'0000-00-00',	NULL,	0,	'once',	'enter this campaign on',	0,	'yes',	'',	'Active',	'yes',	'2014-06-29 22:52:37',	'',	0,	0),
(206,	38,	2,	'0000-00-00',	'0000-00-00',	NULL,	0,	'once',	'enter this campaign on',	0,	'yes',	'',	'Active',	'yes',	'2014-06-29 22:53:39',	'',	0,	0),
(208,	38,	2,	'0000-00-00',	'0000-00-00',	NULL,	0,	'once',	'enter this campaign on',	0,	'yes',	'',	'Active',	'yes',	'2014-06-29 23:00:11',	'',	0,	0),
(209,	38,	1,	'0000-00-00',	'0000-00-00',	NULL,	0,	'once',	'enter this campaign on',	0,	'yes',	'',	'Active',	'yes',	'2014-06-29 23:14:05',	'',	0,	0),
(216,	38,	1,	'0000-00-00',	'0000-00-00',	0,	0,	'once',	'visit',	0,	'yes',	'',	'Active',	'yes',	'2014-06-30 05:43:55',	'',	0,	0),
(211,	38,	1,	'2014-06-11',	'2014-06-30',	0,	0,	'once',	'visit',	0,	'yes',	'',	'Active',	'yes',	'2014-06-30 00:38:06',	'',	0,	0),
(221,	38,	1,	'0000-00-00',	'0000-00-00',	NULL,	0,	'once',	'enter this campaign on',	0,	'yes',	'',	'Active',	'yes',	'2014-06-30 06:28:49',	'',	0,	0),
(217,	38,	1,	'0000-00-00',	'0000-00-00',	NULL,	0,	'once',	'enter this campaign on',	0,	'yes',	'',	'Active',	'yes',	'2014-06-30 05:59:37',	'',	0,	0),
(220,	38,	1,	'0000-00-00',	'0000-00-00',	NULL,	0,	'once',	'enter this campaign on',	0,	'yes',	'',	'Active',	'yes',	'2014-06-30 06:25:28',	'',	0,	0),
(219,	38,	1,	'0000-00-00',	'0000-00-00',	0,	0,	'once',	'visit',	0,	'yes',	'',	'Active',	'yes',	'2014-06-30 06:07:41',	'',	0,	0),
(215,	38,	1,	'0000-00-00',	'0000-00-00',	0,	0,	'once',	'visit',	0,	'yes',	'',	'Active',	'yes',	'2014-06-30 05:33:17',	'',	0,	0),
(222,	38,	1,	'2014-06-12',	'2014-06-09',	0,	0,	'once',	'visit',	0,	'yes',	'',	'Active',	'yes',	'2014-06-30 06:33:20',	'',	0,	0),
(223,	38,	1,	'0000-00-00',	'0000-00-00',	NULL,	0,	'once',	'enter this campaign on',	0,	'yes',	'',	'Active',	'yes',	'2014-06-30 06:51:15',	'',	0,	0),
(224,	38,	1,	'0000-00-00',	'0000-00-00',	0,	0,	'once',	'visit',	0,	'yes',	'',	'Active',	'yes',	'2014-06-30 06:52:08',	'',	0,	0),
(225,	38,	1,	'0000-00-00',	'0000-00-00',	0,	0,	'once',	'visit',	0,	'yes',	'',	'Active',	'yes',	'2014-06-30 06:53:47',	'',	0,	0),
(226,	38,	1,	'0000-00-00',	'0000-00-00',	0,	0,	'once',	'visit',	0,	'yes',	'',	'Active',	'yes',	'2014-06-30 06:57:43',	'',	0,	0),
(227,	38,	1,	'2014-06-09',	'2014-06-30',	0,	0,	'once',	'visit',	0,	'yes',	'',	'Active',	'yes',	'2014-06-30 07:03:46',	'',	0,	0),
(228,	38,	1,	'0000-00-00',	'0000-00-00',	NULL,	0,	'once',	'enter this campaign on',	0,	'yes',	'',	'Active',	'yes',	'2014-06-30 07:08:59',	'',	0,	0),
(229,	38,	2,	'2014-06-03',	'2014-06-11',	50,	0,	'once',	'enter this campaign on',	0,	'yes',	'',	'Active',	'yes',	'2014-06-30 07:09:36',	'',	0,	0),
(230,	38,	2,	'0000-00-00',	'0000-00-00',	NULL,	0,	'once',	'enter this campaign on',	0,	'yes',	'',	'Active',	'yes',	'2014-06-30 07:13:06',	'',	0,	0),
(233,	38,	1,	'0000-00-00',	'0000-00-00',	NULL,	0,	'once',	'enter this campaign on',	0,	'yes',	'',	'Active',	'yes',	'2014-07-01 23:28:29',	'',	0,	0),
(232,	38,	2,	'2014-07-02',	'2014-07-17',	10,	5,	'once',	'enter this campaign on',	0,	'yes',	'',	'Active',	'yes',	'2014-06-30 07:28:07',	'',	0,	0),
(234,	38,	2,	'0000-00-00',	'0000-00-00',	NULL,	0,	'once',	'enter this campaign on',	0,	'yes',	'',	'Active',	'yes',	'2014-07-01 23:52:20',	'',	0,	0),
(235,	37,	1,	'2014-07-02',	'2014-09-30',	NULL,	10,	'once',	'enter this campaign on',	0,	'yes',	'',	'Active',	'yes',	'2014-07-04 02:49:07',	'53b66a83bb81f',	0,	0),
(236,	38,	1,	'0000-00-00',	'0000-00-00',	NULL,	0,	'once',	'visit',	0,	'yes',	'',	'Active',	'yes',	'2014-07-04 02:51:02',	'53b66af61c30b',	0,	0),
(237,	38,	1,	'0000-00-00',	'0000-00-00',	NULL,	0,	'once',	'visit',	0,	'yes',	'',	'Active',	'yes',	'2014-07-04 04:27:35',	'53b68197230e1',	0,	0);

DROP TABLE IF EXISTS `roles`;
CREATE TABLE `roles` (
  `id` int(11) unsigned NOT NULL AUTO_INCREMENT,
  `name` varchar(32) NOT NULL,
  `description` varchar(255) NOT NULL,
  PRIMARY KEY (`id`),
  UNIQUE KEY `uniq_name` (`name`)
) ENGINE=InnoDB DEFAULT CHARSET=utf8;

INSERT INTO `roles` (`id`, `name`, `description`) VALUES
(1,	'login',	'Login privileges, granted after account confirmation'),
(2,	'admin',	'Administrative user, has access to everything.');

DROP TABLE IF EXISTS `roles_users`;
CREATE TABLE `roles_users` (
  `user_id` int(10) unsigned NOT NULL,
  `role_id` int(10) unsigned NOT NULL,
  PRIMARY KEY (`user_id`,`role_id`),
  KEY `fk_role_id` (`role_id`),
  CONSTRAINT `roles_users_ibfk_1` FOREIGN KEY (`user_id`) REFERENCES `users` (`id`) ON DELETE CASCADE,
  CONSTRAINT `roles_users_ibfk_2` FOREIGN KEY (`role_id`) REFERENCES `roles` (`id`) ON DELETE CASCADE
) ENGINE=InnoDB DEFAULT CHARSET=utf8;

INSERT INTO `roles_users` (`user_id`, `role_id`) VALUES
(16,	1),
(30,	1),
(36,	1),
(37,	1),
(38,	1),
(39,	1),
(40,	1),
(41,	1);

DROP TABLE IF EXISTS `rp_admin_user_type`;
CREATE TABLE `rp_admin_user_type` (
  `userTypeID` int(11) NOT NULL AUTO_INCREMENT,
  `userTypeName` varchar(255) DEFAULT NULL,
  `userTypeStatus` enum('Active','Inactive','Deleted') DEFAULT 'Active',
  `adminMode` enum('Administrator','CustomerAdmin') NOT NULL DEFAULT 'Administrator',
  PRIMARY KEY (`userTypeID`)
) ENGINE=MyISAM DEFAULT CHARSET=utf8;


DROP TABLE IF EXISTS `rp_admin_users`;
CREATE TABLE `rp_admin_users` (
  `adminUserID` int(11) NOT NULL AUTO_INCREMENT,
  `adminUserFirstName` varchar(100) NOT NULL,
  `adminUserLastName` varchar(100) NOT NULL,
  `adminUserEmail` varchar(100) NOT NULL,
  `adminUserLoginName` varchar(50) NOT NULL,
  `adminUserLoginPass` varchar(50) NOT NULL,
  `adminUserStatus` enum('Active','Inactive','Blocked','Deleted') NOT NULL,
  `adminUserAccessCount` int(11) NOT NULL,
  `adminUserInvalidAccessCount` int(11) NOT NULL,
  `adminUserLockedDate` timestamp NOT NULL DEFAULT CURRENT_TIMESTAMP ON UPDATE CURRENT_TIMESTAMP,
  `adminUserCreatedDate` datetime NOT NULL,
  `adminUserLastAccessDate` datetime NOT NULL,
  `userTypeID` int(11) NOT NULL,
  PRIMARY KEY (`adminUserID`)
) ENGINE=MyISAM DEFAULT CHARSET=utf8;

INSERT INTO `rp_admin_users` (`adminUserID`, `adminUserFirstName`, `adminUserLastName`, `adminUserEmail`, `adminUserLoginName`, `adminUserLoginPass`, `adminUserStatus`, `adminUserAccessCount`, `adminUserInvalidAccessCount`, `adminUserLockedDate`, `adminUserCreatedDate`, `adminUserLastAccessDate`, `userTypeID`) VALUES
(4,	'Vikash',	'keshri',	'',	'',	'',	'Active',	0,	0,	'2013-09-12 16:43:57',	'0000-00-00 00:00:00',	'0000-00-00 00:00:00',	0);

DROP TABLE IF EXISTS `rp_currencies`;
CREATE TABLE `rp_currencies` (
  `currencyID` int(11) NOT NULL AUTO_INCREMENT,
  `currencyName` varchar(50) NOT NULL,
  `currencyCode` varchar(4) NOT NULL,
  `currencySymbolLeft` varchar(5) NOT NULL,
  `currencySymbolRight` varchar(5) NOT NULL,
  `currencyDecimalPlaces` int(1) NOT NULL DEFAULT '2',
  `currencyValue` decimal(20,5) NOT NULL,
  `currencyDefault` enum('Yes','No') NOT NULL,
  `currencyType` enum('Standard','Custom') NOT NULL,
  `currencyActive` enum('Yes','No') NOT NULL,
  `currencyStatus` enum('Active','Inactive','Delete') NOT NULL DEFAULT 'Active',
  PRIMARY KEY (`currencyID`)
) ENGINE=MyISAM DEFAULT CHARSET=utf8;


DROP TABLE IF EXISTS `rp_customer_countries`;
CREATE TABLE `rp_customer_countries` (
  `countryID` int(11) NOT NULL AUTO_INCREMENT,
  `countryAvailable` enum('Yes','No') NOT NULL,
  `countryIsoA2` char(2) NOT NULL,
  `countryIsoA3` char(3) NOT NULL,
  `countryIsoNumber` varchar(4) NOT NULL,
  `countryPriority` int(11) NOT NULL DEFAULT '256',
  `addressFormatID` int(11) NOT NULL,
  PRIMARY KEY (`countryID`)
) ENGINE=MyISAM DEFAULT CHARSET=utf8;

INSERT INTO `rp_customer_countries` (`countryID`, `countryAvailable`, `countryIsoA2`, `countryIsoA3`, `countryIsoNumber`, `countryPriority`, `addressFormatID`) VALUES
(1,	'No',	'AF',	'AFG',	'004',	256,	1),
(2,	'No',	'AL',	'ALB',	'008',	256,	1),
(3,	'No',	'DZ',	'DZA',	'012',	256,	1),
(4,	'No',	'AS',	'ASM',	'016',	256,	1),
(5,	'No',	'AD',	'AND',	'020',	256,	1),
(6,	'No',	'AO',	'AGO',	'',	4,	1),
(7,	'No',	'AI',	'AIA',	'660',	5,	1),
(8,	'No',	'Aq',	'ATa',	'011',	6,	2),
(9,	'No',	'AG',	'ATG',	'028',	7,	1),
(10,	'No',	'AR',	'ARG',	'032',	8,	1),
(11,	'No',	'AM',	'ARM',	'051',	256,	1),
(12,	'No',	'KL',	'WHM',	'',	9,	2),
(13,	'No',	'AU',	'AUS',	'125',	10,	3),
(14,	'No',	'AT',	'AUT',	'040',	11,	1),
(15,	'No',	'AZ',	'AZE',	'031',	12,	1),
(16,	'No',	'BS',	'BHS',	'044',	256,	1),
(17,	'No',	'BH',	'BHR',	'048',	13,	1),
(18,	'No',	'BD',	'BGD',	'050',	14,	4),
(19,	'No',	'BB',	'BRB',	'052',	15,	1),
(20,	'No',	'BY',	'BLR',	'112',	16,	1),
(21,	'No',	'BE',	'BEL',	'056',	17,	1),
(22,	'No',	'BZ',	'BLZ',	'084',	256,	1),
(23,	'No',	'BJ',	'BEN',	'204',	256,	1),
(24,	'No',	'BM',	'BMU',	'060',	256,	1),
(25,	'No',	'BT',	'BTN',	'064',	256,	1),
(26,	'No',	'BO',	'BOL',	'068',	256,	1),
(27,	'No',	'BA',	'BIH',	'070',	256,	1),
(28,	'No',	'BW',	'BWA',	'072',	256,	1),
(29,	'No',	'BV',	'BVT',	'074',	256,	1),
(30,	'No',	'BR',	'BRA',	'076',	256,	1),
(31,	'No',	'IO',	'IOT',	'086',	256,	1),
(32,	'No',	'BN',	'BRN',	'096',	256,	1),
(33,	'No',	'BG',	'BGR',	'100',	256,	1),
(34,	'No',	'BF',	'BFA',	'854',	256,	1),
(35,	'No',	'BI',	'BDI',	'108',	256,	1),
(36,	'No',	'KH',	'KHM',	'116',	256,	1),
(37,	'No',	'CM',	'CMR',	'120',	256,	1),
(38,	'Yes',	'CA',	'CAN',	'124',	1,	1),
(39,	'No',	'CV',	'CPV',	'132',	256,	1),
(40,	'No',	'KY',	'CYM',	'136',	256,	1),
(41,	'No',	'CF',	'CAF',	'140',	256,	1),
(42,	'No',	'TD',	'TCD',	'148',	256,	1),
(43,	'No',	'CL',	'CHL',	'152',	256,	1),
(44,	'No',	'CN',	'CHN',	'156',	256,	1),
(45,	'No',	'CX',	'CXR',	'162',	256,	1),
(46,	'No',	'CC',	'CCK',	'166',	256,	1),
(47,	'No',	'CO',	'COL',	'170',	256,	1),
(48,	'No',	'KM',	'COM',	'174',	256,	1),
(49,	'No',	'CG',	'COG',	'178',	256,	1),
(50,	'No',	'CK',	'COK',	'184',	256,	1),
(51,	'No',	'CR',	'CRI',	'188',	256,	1),
(52,	'No',	'CI',	'CIV',	'384',	18,	1),
(53,	'No',	'HR',	'HRV',	'191',	19,	1),
(54,	'No',	'CU',	'CUB',	'192',	20,	1),
(55,	'No',	'CY',	'CYP',	'196',	256,	1),
(56,	'No',	'CZ',	'CZE',	'203',	256,	1),
(57,	'No',	'DK',	'DNK',	'208',	256,	1),
(58,	'No',	'DJ',	'DJI',	'262',	256,	1),
(59,	'No',	'DM',	'DMA',	'212',	256,	1),
(60,	'No',	'DO',	'DOM',	'214',	256,	1),
(61,	'No',	'TL',	'TLS',	'626',	256,	1),
(62,	'No',	'EC',	'ECU',	'218',	256,	1),
(63,	'No',	'EG',	'EGY',	'818',	256,	1),
(64,	'No',	'SV',	'SLV',	'222',	256,	1),
(65,	'No',	'GQ',	'GNQ',	'226',	256,	1),
(66,	'No',	'ER',	'ERI',	'232',	256,	1),
(67,	'No',	'EE',	'EST',	'233',	256,	1),
(68,	'No',	'ET',	'ETH',	'231',	256,	1),
(69,	'No',	'FK',	'FLK',	'238',	256,	1),
(70,	'No',	'FO',	'FRO',	'234',	256,	1),
(71,	'No',	'FJ',	'FJI',	'242',	256,	1),
(72,	'No',	'FI',	'FIN',	'246',	256,	1),
(73,	'No',	'FR',	'FRA',	'250',	256,	1),
(74,	'No',	'FX',	'FXX',	'249',	256,	1),
(75,	'No',	'GF',	'GUF',	'254',	256,	1),
(76,	'No',	'PF',	'PYF',	'258',	256,	1),
(77,	'No',	'TF',	'ATF',	'260',	256,	1),
(78,	'No',	'GA',	'GAB',	'266',	256,	1),
(79,	'No',	'GM',	'GMB',	'270',	256,	1),
(80,	'No',	'GE',	'GEO',	'268',	256,	1),
(81,	'No',	'DE',	'DEU',	'276',	256,	1),
(82,	'No',	'GH',	'GHA',	'288',	256,	1),
(83,	'No',	'GI',	'GIB',	'292',	256,	1),
(84,	'No',	'GR',	'GRC',	'300',	256,	1),
(85,	'No',	'GL',	'GRL',	'304',	256,	1),
(86,	'No',	'GD',	'GRD',	'308',	256,	1),
(87,	'No',	'GP',	'GLP',	'312',	256,	1),
(88,	'No',	'GU',	'GUM',	'316',	256,	1),
(89,	'No',	'GT',	'GTM',	'320',	256,	1),
(90,	'No',	'GN',	'GIN',	'324',	256,	1),
(91,	'No',	'GW',	'GNB',	'624',	256,	1),
(92,	'No',	'GY',	'GUY',	'328',	256,	1),
(93,	'No',	'HT',	'HTI',	'332',	256,	1),
(94,	'No',	'HM',	'HMD',	'334',	256,	1),
(95,	'No',	'HN',	'HND',	'340',	256,	1),
(96,	'No',	'HK',	'HKG',	'344',	256,	1),
(97,	'No',	'HU',	'HUN',	'348',	256,	1),
(98,	'No',	'IS',	'ISL',	'352',	256,	1),
(99,	'No',	'IN',	'IND',	'356',	256,	4),
(100,	'No',	'ID',	'IDN',	'360',	256,	1),
(101,	'No',	'IR',	'IRN',	'364',	256,	1),
(102,	'No',	'IQ',	'IRQ',	'368',	256,	1),
(103,	'No',	'IE',	'IRL',	'372',	256,	1),
(104,	'No',	'IL',	'ISR',	'376',	256,	1),
(105,	'No',	'IT',	'ITA',	'380',	256,	1),
(106,	'No',	'JM',	'JAM',	'388',	256,	1),
(107,	'No',	'JP',	'JPN',	'392',	256,	1),
(108,	'No',	'JO',	'JOR',	'400',	256,	1),
(109,	'No',	'KZ',	'KAZ',	'398',	256,	1),
(110,	'No',	'KE',	'KEN',	'404',	256,	1),
(111,	'No',	'KI',	'KIR',	'296',	256,	1),
(112,	'No',	'KP',	'PRK',	'',	21,	1),
(113,	'No',	'KR',	'KOR',	'410',	256,	1),
(114,	'No',	'KW',	'KWT',	'414',	256,	1),
(115,	'No',	'KG',	'KGZ',	'417',	256,	1),
(116,	'No',	'LA',	'LAO',	'418',	256,	1),
(117,	'No',	'LV',	'LVA',	'428',	256,	1),
(118,	'No',	'LB',	'LBN',	'422',	256,	1),
(119,	'No',	'LS',	'LSO',	'426',	256,	1),
(120,	'No',	'LR',	'LBR',	'430',	256,	1),
(121,	'No',	'LY',	'LBY',	'434',	256,	1),
(122,	'No',	'LI',	'LIE',	'438',	256,	1),
(123,	'No',	'LT',	'LTU',	'440',	256,	1),
(124,	'No',	'LU',	'LUX',	'442',	256,	1),
(125,	'No',	'MO',	'MAC',	'446',	256,	1),
(126,	'No',	'MK',	'MKD',	'807',	256,	1),
(127,	'No',	'MG',	'MDG',	'450',	256,	1),
(128,	'No',	'MW',	'MWI',	'454',	256,	1),
(129,	'No',	'MY',	'MYS',	'458',	256,	1),
(130,	'No',	'MV',	'MDV',	'462',	256,	2),
(131,	'No',	'ML',	'MLI',	'466',	256,	1),
(132,	'No',	'MT',	'MLT',	'',	256,	1),
(133,	'No',	'MH',	'MHL',	'584',	256,	1),
(134,	'No',	'MQ',	'MTQ',	'474',	256,	1),
(135,	'No',	'MR',	'MRT',	'478',	256,	1),
(136,	'No',	'MU',	'MUS',	'480',	256,	1),
(137,	'No',	'YT',	'MYT',	'175',	256,	1),
(138,	'No',	'MX',	'MEX',	'484',	256,	1),
(139,	'No',	'FM',	'FSM',	'583',	256,	1),
(140,	'No',	'MD',	'MDA',	'498',	256,	1),
(141,	'No',	'MC',	'MCO',	'492',	256,	1),
(142,	'No',	'MN',	'MNG',	'496',	256,	1),
(143,	'No',	'MS',	'MSR',	'500',	256,	1),
(144,	'No',	'MA',	'MAR',	'504',	256,	1),
(145,	'No',	'MZ',	'MOZ',	'508',	256,	1),
(146,	'No',	'MM',	'MMR',	'104',	256,	1),
(147,	'No',	'NA',	'NAM',	'516',	256,	1),
(148,	'No',	'NR',	'NRU',	'520',	256,	1),
(149,	'No',	'NP',	'NPL',	'524',	256,	1),
(150,	'No',	'NL',	'NLD',	'',	256,	2),
(151,	'No',	'AN',	'ANT',	'530',	256,	1),
(152,	'No',	'NC',	'NCL',	'540',	256,	1),
(153,	'No',	'NZ',	'NZL',	'554',	22,	1),
(154,	'No',	'NI',	'NIC',	'558',	256,	1),
(155,	'No',	'NE',	'NER',	'562',	256,	1),
(156,	'No',	'NG',	'NGA',	'566',	256,	1),
(157,	'No',	'NU',	'NIU',	'570',	256,	1),
(158,	'No',	'NF',	'NFK',	'574',	256,	1),
(159,	'No',	'MP',	'MNP',	'580',	256,	1),
(160,	'No',	'NO',	'NOR',	'578',	256,	1),
(161,	'No',	'OM',	'OMN',	'512',	256,	1),
(162,	'No',	'PK',	'PAK',	'586',	256,	1),
(163,	'No',	'PW',	'PLW',	'585',	256,	1),
(164,	'No',	'PA',	'PAN',	'591',	256,	1),
(165,	'No',	'PG',	'PNG',	'598',	256,	1),
(166,	'No',	'PY',	'PRY',	'600',	256,	1),
(167,	'No',	'PE',	'PER',	'604',	256,	1),
(168,	'No',	'PH',	'PHL',	'608',	256,	1),
(169,	'No',	'PN',	'PCN',	'612',	256,	1),
(170,	'No',	'PL',	'POL',	'616',	256,	1),
(171,	'No',	'PT',	'PRT',	'620',	256,	1),
(172,	'No',	'PR',	'PRI',	'630',	256,	1),
(173,	'No',	'QA',	'QAT',	'634',	256,	1),
(174,	'No',	'RE',	'REU',	'638',	256,	1),
(175,	'No',	'RO',	'ROU',	'642',	256,	1),
(176,	'No',	'RU',	'RUS',	'643',	256,	1),
(177,	'No',	'RW',	'RWA',	'646',	256,	1),
(178,	'No',	'KN',	'KNA',	'659',	256,	1),
(179,	'No',	'LC',	'LCA',	'662',	256,	1),
(180,	'No',	'VC',	'VCT',	'670',	256,	1),
(181,	'No',	'WS',	'WSM',	'882',	256,	1),
(182,	'No',	'SM',	'SMR',	'674',	256,	1),
(183,	'No',	'ST',	'STP',	'678',	256,	1),
(184,	'No',	'SA',	'SAU',	'682',	256,	1),
(185,	'No',	'SN',	'SEN',	'686',	256,	1),
(186,	'No',	'SC',	'SYC',	'690',	256,	1),
(187,	'No',	'SL',	'SLE',	'694',	256,	1),
(188,	'No',	'SG',	'SGP',	'702',	256,	1),
(189,	'No',	'SK',	'SVK',	'703',	256,	1),
(190,	'No',	'SI',	'SVN',	'705',	256,	1),
(191,	'No',	'SB',	'SLB',	'090',	256,	1),
(192,	'No',	'SO',	'SOM',	'706',	256,	1),
(193,	'No',	'ZA',	'ZAF',	'710',	256,	1),
(195,	'No',	'ES',	'ESP',	'724',	256,	1),
(196,	'No',	'LK',	'LKA',	'144',	256,	1),
(197,	'No',	'SH',	'SHN',	'654',	256,	1),
(198,	'No',	'PM',	'SPM',	'666',	256,	1),
(199,	'No',	'SD',	'SDN',	'736',	256,	1),
(200,	'No',	'SR',	'SUR',	'740',	256,	1),
(201,	'No',	'SJ',	'SJM',	'744',	256,	1),
(202,	'No',	'SZ',	'SWZ',	'748',	256,	1),
(203,	'No',	'SE',	'SWE',	'752',	256,	1),
(204,	'No',	'CH',	'CHE',	'756',	256,	1),
(205,	'No',	'SY',	'SYR',	'760',	256,	1),
(206,	'No',	'TW',	'TWN',	'158',	256,	1),
(207,	'No',	'TJ',	'TJK',	'762',	256,	1),
(208,	'No',	'TZ',	'TZA',	'834',	256,	1),
(209,	'No',	'TH',	'THA',	'764',	256,	1),
(210,	'No',	'TG',	'TGO',	'768',	256,	1),
(211,	'No',	'TK',	'TKL',	'772',	256,	1),
(212,	'No',	'TO',	'TON',	'776',	256,	1),
(213,	'No',	'TT',	'TTO',	'780',	256,	1),
(214,	'No',	'TN',	'TUN',	'788',	256,	1),
(215,	'No',	'TR',	'TUR',	'792',	256,	1),
(216,	'No',	'TM',	'TKM',	'795',	256,	1),
(217,	'No',	'TC',	'TCA',	'796',	256,	1),
(218,	'No',	'TV',	'TUV',	'798',	256,	1),
(219,	'No',	'UG',	'UGA',	'800',	256,	1),
(220,	'No',	'UA',	'UKR',	'804',	256,	1),
(221,	'No',	'AE',	'ARE',	'784',	256,	1),
(222,	'Yes',	'GB',	'GBR',	'826',	3,	1),
(223,	'Yes',	'US',	'USA',	'840',	2,	2),
(224,	'No',	'UM',	'UMI',	'581',	256,	1),
(225,	'No',	'UY',	'URY',	'858',	256,	1),
(226,	'No',	'UZ',	'UZB',	'860',	256,	1),
(227,	'No',	'VU',	'VUT',	'548',	256,	1),
(228,	'No',	'VA',	'VAT',	'336',	256,	1),
(229,	'No',	'VE',	'VEN',	'862',	256,	1),
(230,	'No',	'VN',	'VNM',	'704',	256,	1),
(231,	'No',	'VR',	'',	'',	256,	1),
(232,	'No',	'VI',	'VIR',	'850',	256,	1),
(233,	'No',	'WF',	'WLF',	'876',	256,	1),
(234,	'No',	'EH',	'ESH',	'',	256,	1),
(235,	'No',	'YE',	'YEM',	'887',	256,	1),
(236,	'No',	'YU',	'YUG',	'891',	256,	2),
(237,	'No',	'CD',	'COD',	'180',	23,	1),
(238,	'No',	'ZM',	'ZMB',	'894',	24,	1),
(239,	'No',	'ZW',	'ZWE',	'716',	25,	3),
(240,	'No',	'AP',	'',	'',	256,	1),
(241,	'No',	'BC',	'',	'',	256,	1),
(242,	'No',	'BL',	'',	'',	256,	1),
(243,	'No',	'CE',	'',	'',	26,	1),
(244,	'No',	'NN',	'',	'',	27,	1),
(245,	'No',	'CB',	'',	'',	28,	1),
(246,	'No',	'EN',	'',	'',	29,	1),
(247,	'No',	'ME',	'',	'',	30,	1),
(248,	'No',	'PO',	'',	'',	31,	1),
(249,	'No',	'RT',	'',	'',	32,	1),
(250,	'No',	'SS',	'',	'',	33,	1),
(251,	'No',	'SP',	'',	'',	34,	1),
(252,	'No',	'SF',	'',	'',	35,	1),
(253,	'No',	'NT',	'',	'',	36,	1),
(254,	'No',	'SW',	'',	'',	37,	1),
(255,	'No',	'SX',	'',	'',	38,	1),
(256,	'No',	'EU',	'',	'',	256,	1),
(257,	'No',	'UV',	'',	'',	39,	1),
(258,	'No',	'MB',	'',	'',	40,	1),
(259,	'No',	'TB',	'',	'',	41,	1),
(260,	'No',	'VL',	'',	'',	42,	1),
(261,	'No',	'TA',	'',	'',	43,	1),
(262,	'No',	'TI',	'',	'',	44,	1),
(263,	'No',	'TU',	'',	'',	45,	1),
(265,	'No',	'WK',	'',	'',	46,	1),
(266,	'No',	'WL',	'',	'',	47,	1),
(267,	'No',	'YA',	'',	'',	48,	1),
(268,	'No',	'ZR',	'',	'123',	256,	1),
(270,	'No',	'PS',	'PSE',	'275',	49,	1),
(271,	'No',	'GS',	'SGS',	'239',	50,	1);

DROP TABLE IF EXISTS `rp_customer_country_details`;
CREATE TABLE `rp_customer_country_details` (
  `countryDetailsID` int(11) NOT NULL AUTO_INCREMENT,
  `countryID` int(11) NOT NULL,
  `languageID` int(11) NOT NULL DEFAULT '1',
  `countryName` varchar(100) NOT NULL,
  PRIMARY KEY (`countryDetailsID`),
  UNIQUE KEY `countryIDLngIndex` (`countryID`,`languageID`),
  KEY `indexCountryID` (`countryID`)
) ENGINE=MyISAM DEFAULT CHARSET=utf8;


DROP TABLE IF EXISTS `rp_customer_payment_transactions`;
CREATE TABLE `rp_customer_payment_transactions` (
  `paymentTransactionID` int(11) NOT NULL AUTO_INCREMENT,
  `transactionID` text,
  `customerID` int(11) NOT NULL DEFAULT '0',
  `completedDate` datetime NOT NULL,
  `extra` text,
  `paymentType` varchar(100) DEFAULT NULL,
  `paymentGateway` varchar(100) DEFAULT NULL,
  `paymentResponse` text,
  `orderSubTotal` decimal(20,5) DEFAULT '0.00000',
  `orderTotal` decimal(20,5) DEFAULT '0.00000',
  `taxAmount` decimal(20,5) DEFAULT '0.00000',
  PRIMARY KEY (`paymentTransactionID`)
) ENGINE=MyISAM DEFAULT CHARSET=utf8;


DROP TABLE IF EXISTS `rp_customer_state_details`;
CREATE TABLE `rp_customer_state_details` (
  `stateDetailsID` int(11) NOT NULL AUTO_INCREMENT,
  `stateID` int(11) NOT NULL,
  `stateName` varchar(100) NOT NULL,
  `languageID` int(11) NOT NULL,
  PRIMARY KEY (`stateDetailsID`),
  UNIQUE KEY `stateIDLngIndex` (`stateID`,`languageID`),
  KEY `indexStateID` (`stateID`)
) ENGINE=MyISAM DEFAULT CHARSET=utf8;


DROP TABLE IF EXISTS `rp_customer_states`;
CREATE TABLE `rp_customer_states` (
  `stateID` int(11) NOT NULL AUTO_INCREMENT,
  `countryID` int(11) NOT NULL,
  `stateShortName` varchar(10) NOT NULL,
  `stateStatus` enum('Active','Inactive','Delete') NOT NULL,
  PRIMARY KEY (`stateID`),
  KEY `indexCountryID` (`countryID`)
) ENGINE=MyISAM DEFAULT CHARSET=utf8;


DROP TABLE IF EXISTS `rp_customer_widget_details`;
CREATE TABLE `rp_customer_widget_details` (
  `CustomerWidgetDetailID` int(11) NOT NULL AUTO_INCREMENT,
  `widgetName` varchar(100) NOT NULL,
  `widgetType` enum('Iframe','Flash','JS') NOT NULL,
  `customerID` int(11) DEFAULT NULL,
  `languageID` int(11) NOT NULL DEFAULT '0',
  `customerWidgetContentType` enum('Text_Only','Image_Only','Image_with_Text') NOT NULL,
  `widgetColors` text NOT NULL,
  `customerWidgetCreatedDate` timestamp NOT NULL DEFAULT CURRENT_TIMESTAMP,
  `widgetStatus` enum('Active','Inactive','Deleted') NOT NULL DEFAULT 'Active',
  PRIMARY KEY (`CustomerWidgetDetailID`)
) ENGINE=MyISAM DEFAULT CHARSET=utf8;


DROP TABLE IF EXISTS `rp_customers`;
CREATE TABLE `rp_customers` (
  `customerID` int(11) NOT NULL AUTO_INCREMENT,
  `customerEmail` varchar(100) NOT NULL,
  `customerPassword` varchar(50) NOT NULL,
  `customerName` varchar(100) NOT NULL,
  `customerKey` varchar(100) NOT NULL,
  `customerAddress1` varchar(100) NOT NULL,
  `customerAddress2` varchar(100) NOT NULL,
  `customerCity` varchar(100) NOT NULL,
  `customerStateProvID` int(11) NOT NULL,
  `customerCountryID` int(11) NOT NULL,
  `customerCFirstName` varchar(50) NOT NULL,
  `customerCLastName` varchar(50) NOT NULL,
  `customerPhone` varchar(20) NOT NULL,
  `customerZip` varchar(10) NOT NULL,
  `customerWebsite` varchar(450) NOT NULL,
  `customerStatus` enum('Active','Inactive','Deleted','Locked') NOT NULL DEFAULT 'Active',
  `customerAddedDate` datetime NOT NULL,
  `customerUpdateDate` datetime NOT NULL,
  `customerDefaultLanguageID` int(12) NOT NULL DEFAULT '1',
  `loginLockedDate` timestamp NOT NULL DEFAULT '0000-00-00 00:00:00',
  `loginInvalidAccessCount` int(11) NOT NULL DEFAULT '0',
  PRIMARY KEY (`customerID`),
  KEY `indexBusinessStateID` (`customerStateProvID`),
  KEY `indexBusinessCountryID` (`customerCountryID`)
) ENGINE=InnoDB DEFAULT CHARSET=utf8;


DROP TABLE IF EXISTS `rp_email_template_details`;
CREATE TABLE `rp_email_template_details` (
  `emailTempDetID` int(11) NOT NULL AUTO_INCREMENT,
  `emailTempID` int(11) NOT NULL,
  `languageID` int(11) NOT NULL,
  `emailSubject` varchar(255) NOT NULL,
  `emailHtml` text NOT NULL,
  `emailText` text,
  `type` varchar(100) DEFAULT NULL,
  PRIMARY KEY (`emailTempDetID`),
  KEY `emailTempID` (`emailTempID`)
) ENGINE=MyISAM DEFAULT CHARSET=utf8;

INSERT INTO `rp_email_template_details` (`emailTempDetID`, `emailTempID`, `languageID`, `emailSubject`, `emailHtml`, `emailText`, `type`) VALUES
(40,	43,	0,	'sfdsfsddsf',	'<p>fdgfdgdfgfd</p>\n',	NULL,	NULL),
(41,	44,	0,	'Confirmation email',	'<p>Enter..</p>\n',	NULL,	NULL),
(42,	45,	0,	'Confirmation email',	'<p>Enter..</p>\n',	NULL,	NULL),
(44,	45,	0,	'test subject',	'<p>Enter..</p>\n',	NULL,	NULL),
(47,	47,	0,	'Confirmation email',	'<p>Bravo Enter..</p>\n',	NULL,	NULL),
(48,	48,	0,	'Test Compaign 16th Jan',	'<p>Test compaign</p>\n',	NULL,	NULL),
(49,	49,	0,	'Congratulations!',	'<p>Enter..</p>\n',	NULL,	NULL),
(50,	50,	0,	'Congratulations',	'<p>Enter..</p>\n',	NULL,	NULL),
(52,	52,	0,	'Please Participate in Copmpaign',	'<p>This is test compaingn notification</p>\n',	NULL,	NULL),
(54,	54,	0,	'bla bla bla',	'<p>Enter..</p>\n',	NULL,	NULL),
(55,	55,	0,	'Please Participate in Copmpaign',	'<p>Please Participate in Copmpaign</p>\n',	NULL,	NULL),
(56,	56,	0,	'bla bla bla',	'<p>Enter..</p>\n',	NULL,	NULL),
(57,	57,	0,	'Confirmation email',	'<p>Enter..</p>\n',	NULL,	NULL),
(58,	58,	0,	'test subject',	'<p>Enter..</p>\n',	NULL,	NULL),
(63,	63,	0,	'',	'<p>Enter..</p>\n',	NULL,	NULL),
(64,	64,	0,	'Confirmation email',	'<p>Bravo!</p>\n',	NULL,	NULL),
(65,	65,	0,	'Confirmation email',	'<p>Enter..</p>\n',	NULL,	NULL),
(66,	66,	0,	'',	'<p>Enter..</p>\n',	NULL,	NULL),
(69,	69,	0,	'jhkjhk',	'<p>Enter..</p>\n',	NULL,	NULL),
(70,	70,	0,	'',	'<p>Enter..cbvbcvbvcb</p>\n',	NULL,	NULL),
(71,	71,	0,	'hjh',	'<p>ghjhj</p>\n',	NULL,	NULL),
(72,	72,	0,	'',	'<p>Enter..</p>\n',	NULL,	NULL),
(73,	73,	0,	'dfgfdg',	'<p>dfgdfg</p>\n',	NULL,	NULL),
(76,	76,	0,	'subject1',	'<p>Notification1</p>\n',	NULL,	NULL),
(77,	77,	0,	'suject1',	'<p>d1</p>\n',	NULL,	NULL),
(78,	77,	0,	'suject2',	'<p>d2</p>\n',	NULL,	NULL),
(79,	77,	0,	'subject3',	'<p>s3</p>\n',	NULL,	NULL),
(80,	77,	0,	'suject4',	'<p>s4</p>\n',	NULL,	NULL),
(81,	78,	0,	'dfsdf',	'<p>dgdfsg</p>\n',	NULL,	'Campaign_entry'),
(82,	78,	0,	'fdgdf',	'<p>fdgdfg</p>\n',	NULL,	'Reward_notification'),
(83,	78,	0,	'hjghj',	'<p>fdgfd</p>\n',	NULL,	'Campaign_referral'),
(84,	78,	0,	'ghgj',	'<p>kjjhkjhk</p>\n',	NULL,	'Reminder_email'),
(85,	79,	0,	'ghgfh',	'<p>Enter..ghgh</p>\n',	NULL,	'Campaign_entry'),
(86,	79,	0,	'gh',	'<p>gfhgfh</p>\n',	NULL,	'Reward_notification'),
(87,	79,	0,	'gfhfg',	'<p>fghfgh</p>\n',	NULL,	'Campaign_referral'),
(88,	79,	0,	'tyrty',	'<p>sadsf</p>\n',	NULL,	'Reminder_email'),
(89,	80,	0,	'Confirmation email!',	'<p>Hi there, you are now entered in teh contest.</p>\n\n<p>&nbsp;</p>\n',	NULL,	'Campaign_entry'),
(90,	80,	0,	'Hello there ?',	'<p>Still there ?</p>\n',	NULL,	'Reward_notification'),
(91,	80,	0,	'Follow me!',	'<p>Follow me!</p>\n',	NULL,	'Campaign_referral'),
(92,	80,	0,	'Still there ?',	'<p>Don&lt;t forget to enter!</p>\n',	NULL,	'Reminder_email'),
(93,	81,	0,	'dfgfgfdg',	'<p>dfgdfg</p>\n',	NULL,	'Campaign_entry'),
(94,	81,	0,	'dsgdfg',	'<p>dfgsdfgfd</p>\n',	NULL,	'Reward_notification'),
(95,	81,	0,	'',	'<p>Enter..</p>\n',	NULL,	'Campaign_referral'),
(96,	81,	0,	'dfgfg',	'<p>dfgfdg</p>\n',	NULL,	'Reminder_email'),
(97,	82,	0,	'Confirmation email',	'<p><strong>Lorem Ipsum</strong> is simply dummy text of the printing and typesetting industry. Lorem Ipsum has been the industry&#39;s standard dummy text ever since the 1500s, when an unknown printer took a galley of type and scrambled it to make a type specimen book. It has survived not only five centuries, but also the leap into electronic typesetting, remaining essentially unchanged. It was popularised in the 1960s with the release of Letraset sheets containing Lorem Ipsum passages, and more recently with desktop publishing software like Aldus PageMaker including versions of Lorem Ipsum.</p>\n',	NULL,	'Campaign_entry'),
(98,	82,	0,	'Reward email',	'<p>Contrary to popular belief, Lorem Ipsum is not simply random text. It has roots in a piece of classical Latin literature from 45 BC, making it over 2000 years old. Richard McClintock, a Latin professor at Hampden-Sydney College in Virginia, looked up one of the more obscure Latin words, consectetur, from a Lorem Ipsum passage, and going through the cites of the word in classical literature, discovered the undoubtable source. Lorem Ipsum comes from sections 1.10.32 and 1.10.33 of &quot;de Finibus Bonorum et Malorum&quot; (The Extremes of Good and Evil) by Cicero, written in 45 BC. This book is a treatise on the theory of ethics, very popular during the Renaissance. The first line of Lorem Ipsum, &quot;Lorem ipsum dolor sit amet..&quot;, comes from a line in section 1.10.32.</p>\n',	NULL,	'Reward_notification'),
(99,	82,	0,	'hdfshshsdfh',	'<p>There are many variations of passages of Lorem Ipsum available, but the majority have suffered alteration in some form, by injected humour, or randomised words which don&#39;t look even slightly believable. If you are going to use a passage of Lorem Ipsum, you need to be sure there isn&#39;t anything embarrassing hidden in the middle of text. All the Lorem Ipsum generators on the Internet tend to repeat predefined chunks as necessary, making this the first true generator on the Internet. It uses a dictionary of over 200 Latin words, combined with a handful of model sentence structures, to generate Lorem Ipsum which looks reasonable. The generated Lorem Ipsum is therefore always free from repetition, injected humour, or non-characteristic words etc.</p>\n',	NULL,	'Campaign_referral'),
(100,	82,	0,	'sdhsdhsdhsdfh vxvnxvcnxcvnuoy90',	'<p>Enter..</p>\n',	NULL,	'Reminder_email'),
(101,	83,	0,	'',	'<p>Enter..</p>\n',	NULL,	'Campaign_entry'),
(102,	83,	0,	'',	'<p>Enter..</p>\n',	NULL,	'Reward_notification'),
(103,	83,	0,	'',	'<p>Enter..</p>\n',	NULL,	'Campaign_referral'),
(104,	83,	0,	'',	'<p>Enter..</p>\n',	NULL,	'Reminder_email'),
(105,	84,	0,	'cvbxcb',	'<p>cvbvb</p>\n',	NULL,	'Campaign_entry'),
(106,	84,	0,	'cxvbv',	'<p>cvbxvb</p>\n',	NULL,	'Reward_notification'),
(107,	84,	0,	'cvbcvb',	'<p>cvbvb</p>\n',	NULL,	'Campaign_referral'),
(108,	84,	0,	'cvbv',	'<p>cvb</p>\n',	NULL,	'Reminder_email'),
(109,	81,	0,	'dfgdf',	'<p>fgfggfgdfgdfg</p>\n',	NULL,	'Campaign_entry'),
(110,	81,	0,	'fgxgbdfghg',	'<p>gsdfgfdg</p>\n',	NULL,	'Reward_notification'),
(111,	81,	0,	'',	'<p>Enter..</p>\n',	NULL,	'Campaign_referral'),
(112,	81,	0,	'',	'<p>Enter..</p>\n',	NULL,	'Reminder_email'),
(113,	82,	0,	'Confirmation email',	'<p>Enter..</p>\n',	NULL,	'Campaign_entry'),
(114,	82,	0,	'Reward email',	'<p>Enter..</p>\n',	NULL,	'Reward_notification'),
(115,	82,	0,	'hdfshshsdfh',	'<p>Enter..</p>\n',	NULL,	'Campaign_referral'),
(116,	82,	0,	'sdhsdhsdhsdfh vxvnxvcnxcvnuoy90',	'<p>Enter..</p>\n',	NULL,	'Reminder_email'),
(117,	83,	0,	'',	'<p>Enter..</p>\n',	NULL,	'Campaign_entry'),
(118,	83,	0,	'',	'<p>Enter..</p>\n',	NULL,	'Reward_notification'),
(119,	83,	0,	'',	'<p>Enter..</p>\n',	NULL,	'Campaign_referral'),
(120,	83,	0,	'',	'<p>Enter..</p>\n',	NULL,	'Reminder_email'),
(121,	84,	0,	'Confirmation email',	'<p>Enter..</p>\n',	NULL,	'Campaign_entry'),
(122,	84,	0,	'Reward email',	'<p>Enter..</p>\n',	NULL,	'Reward_notification'),
(123,	84,	0,	'hdfshshsdfh',	'<p>Enter..</p>\n',	NULL,	'Campaign_referral'),
(124,	84,	0,	'sdhsdhsdhsdfh vxvnxvcnxcvnuoy90',	'<p>Enter..</p>\n',	NULL,	'Reminder_email'),
(125,	85,	0,	'subject1',	'<p>meassage 1</p>\n',	NULL,	'Campaign_entry'),
(126,	85,	0,	'subject2',	'<p>message 2</p>\n',	NULL,	'Reward_notification'),
(127,	85,	0,	'subject3',	'<p>message 3</p>\n',	NULL,	'Campaign_referral'),
(128,	85,	0,	'sub4',	'<p>message 4..</p>\n',	NULL,	'Reminder_email'),
(129,	86,	0,	'fdgdfg',	'<p>dfgdfgvfvv</p>\n',	NULL,	'Campaign_entry'),
(130,	86,	0,	'',	'<p>dfvxzvcvxz</p>\n',	NULL,	'Reward_notification'),
(131,	86,	0,	'',	'<p>Enter..</p>\n',	NULL,	'Campaign_referral'),
(132,	86,	0,	'',	'<p>Enter..</p>\n',	NULL,	'Reminder_email'),
(133,	87,	0,	'',	'<p>Enter..</p>\n',	NULL,	'Campaign_entry'),
(134,	87,	0,	'',	'<p>Enter..</p>\n',	NULL,	'Reward_notification'),
(135,	87,	0,	'',	'<p>Enter..</p>\n',	NULL,	'Campaign_referral'),
(136,	87,	0,	'',	'<p>Enter..</p>\n',	NULL,	'Reminder_email'),
(137,	88,	0,	'gadfgf',	'<p>Enter..adf</p>\n',	NULL,	'Campaign_entry'),
(138,	88,	0,	'',	'<p>Enter..</p>\n',	NULL,	'Reward_notification'),
(139,	88,	0,	'',	'<p>Enter..</p>\n',	NULL,	'Campaign_referral'),
(140,	88,	0,	'',	'<p>Enter..</p>\n',	NULL,	'Reminder_email'),
(141,	89,	0,	'sadsdgf',	'<p>fgfdg</p>\n',	NULL,	'Campaign_entry'),
(142,	89,	0,	'vnvngdfg',	'<p>Enter..dfagfdg</p>\n',	NULL,	'Reward_notification'),
(143,	89,	0,	'',	'<p>Enter..</p>\n',	NULL,	'Campaign_referral'),
(144,	89,	0,	'',	'<p>Enter..</p>\n',	NULL,	'Reminder_email'),
(145,	90,	0,	'sub 1',	'<p>body1<br />\n&nbsp;</p>\n',	NULL,	'Campaign_entry'),
(146,	90,	0,	'sub2',	'<p>body2</p>\n',	NULL,	'Reward_notification'),
(147,	90,	0,	'sub3',	'<p>body3</p>\n',	NULL,	'Campaign_referral'),
(148,	90,	0,	'sub4',	'<p>body4</p>\n',	NULL,	'Reminder_email'),
(149,	91,	0,	'sub 1',	'',	NULL,	'Campaign_entry'),
(150,	91,	0,	'sub2',	'<p>Enter..</p>\n',	NULL,	'Reward_notification'),
(151,	91,	0,	'sub3',	'<p>Enter..</p>\n',	NULL,	'Campaign_referral'),
(152,	91,	0,	'sub4',	'<p>Enter..</p>\n',	NULL,	'Reminder_email'),
(153,	92,	0,	'sub 1',	'<p>fdgfdg</p>\n',	NULL,	'Campaign_entry'),
(154,	92,	0,	'sub2',	'<p>sadsadsad</p>\n',	NULL,	'Reward_notification'),
(155,	92,	0,	'sub3',	'<p>Enter..</p>\n',	NULL,	'Campaign_referral'),
(156,	92,	0,	'sub4',	'<p>Enter..</p>\n',	NULL,	'Reminder_email'),
(157,	93,	0,	'sub 1',	'<p>fdgfdg</p>\n',	NULL,	'Campaign_entry'),
(158,	93,	0,	'sub2',	'<p>sadsadsad</p>\n',	NULL,	'Reward_notification'),
(159,	93,	0,	'sub3',	'<p>dsfsdfsd</p>\n',	NULL,	'Campaign_referral'),
(160,	93,	0,	'sub4',	'<p>Enter..</p>\n',	NULL,	'Reminder_email'),
(161,	94,	0,	'dfgdf',	'<p>gdfg</p>\n',	NULL,	'Campaign_entry'),
(162,	94,	0,	'',	'',	NULL,	'Reward_notification'),
(163,	94,	0,	'',	'',	NULL,	'Campaign_referral'),
(164,	94,	0,	'',	'',	NULL,	'Reminder_email'),
(165,	95,	0,	'',	'',	NULL,	'Campaign_entry'),
(166,	95,	0,	'',	'',	NULL,	'Reward_notification'),
(167,	95,	0,	'',	'',	NULL,	'Campaign_referral'),
(168,	95,	0,	'',	'',	NULL,	'Reminder_email'),
(169,	96,	0,	'negha',	'<p>vikashdsagd</p>\n',	NULL,	'Campaign_entry'),
(170,	96,	0,	'adsdsad',	'<p>asdsadsad</p>\n',	NULL,	'Reward_notification'),
(171,	96,	0,	'sfsdfdf',	'<p>sdasdsad</p>\n',	NULL,	'Campaign_referral'),
(172,	96,	0,	'dfdfdfgdf',	'<p>dfgdfgdsfgdf</p>\n',	NULL,	'Reminder_email'),
(173,	97,	0,	'ahfzhsaghs',	'<p>fbfjkfkl..nmfvmf</p>\n\n<p>...................</p>\n',	NULL,	'Campaign_entry'),
(174,	97,	0,	'asdfsdfsdf',	'<p>dsafsdfasadfsadf</p>\n',	NULL,	'Reward_notification'),
(175,	97,	0,	'ghjgjfhjf',	'<p>hnbbnvbnvbnv</p>\n',	NULL,	'Campaign_referral'),
(176,	97,	0,	'bvcnvbcvbvb',	'<p>..bzxcV?&gt;v?XLbn b</p>\n',	NULL,	'Reminder_email'),
(177,	98,	0,	'Campaign entry confirmation email',	'<p>Lorem ipsum dolor sit amet, consectetuer adipiscing elit, sed diam nonummy nibh euismod tincidunt ut laoreet dolore magna aliquam erat volutpat. Ut wisi enim ad minim veniam, quis nostrud exerci tation ullamcorper suscipit lobortis nisl ut aliquip ex ea commodo consequat. Duis autem vel eum iriure dolor in hendrerit in vulputate velit esse molestie consequat, vel illum dolore eu feugiat nulla facilisis at vero eros et accumsan et iusto odio dignissim qui blandit praesent luptatum zzril delenit augue duis dolore te feugait nulla facilisi. Nam liber tempor cum soluta nobis eleifend option congue nihil imperdiet doming id quod mazim placerat facer possim assum. Typi non habent claritatem insitam; est usus legentis in iis qui facit eorum claritatem. Investigationes demonstraverunt lectores legere me lius quod ii legunt saepius. Claritas est etiam processus dynamicus, qui sequitur mutationem consuetudium lectorum. Mirum est notare quam littera gothica, quam nunc putamus parum claram, anteposuerit litterarum formas humanitatis per seacula quarta decima et quinta decima. Eodem modo typi, qui nunc nobis videntur parum clari, fiant sollemnes in futurum.</p>\n',	NULL,	'Campaign_entry'),
(178,	98,	0,	'Reward notification email',	'<p>Lorem ipsum dolor sit amet, c</p>\n',	NULL,	'Reward_notification'),
(179,	98,	0,	'Campaign referral email',	'<p>Lorem ipsum dolor sit amet, consectetuer adip</p>\n',	NULL,	'Campaign_referral'),
(181,	99,	0,	'Confirmation email',	'<p><strong>Lorem Ipsum</strong> is simply dummy text of the printing and typesetting industry. Lorem Ipsum has been the industry&#39;s standard dummy text ever since the 1500s, when an unknown printer took a galley of type and scrambled it to make a type specimen book. It has survived not only five centuries, but also the leap into electronic typesetting, remaining essentially unchanged. It was popularised in the 1960s with the release of Letraset sheets containing Lorem Ipsum passages, and more recently with desktop publishing software like Aldus PageMaker including versions of Lorem Ipsum.</p>\n',	NULL,	'Campaign_entry'),
(180,	98,	0,	'Reminder email notification',	'',	NULL,	'Reminder_email'),
(182,	99,	0,	' Reward notification email',	'<p>The standard chunk of Lorem Ipsum used since the 1500s is reproduced below for those interested. Sections 1.10.32 and 1.10.33 from &quot;de Finibus Bonorum et Malorum&quot; by Cicero are also reproduced in their exact original form, accompanied by English versions from the 1914 translation by H. Rackham.</p>\n',	NULL,	'Reward_notification'),
(183,	99,	0,	'Campaign referral email ',	'<p>The standard chunk of Lorem Ipsum used since the 1500s is reproduced below for those interested. Sections 1.10.32 and 1.10.33 from &quot;de Finibus Bonorum et Malorum&quot; by Cicero are also reproduced in their exact original form, accompanied by English versions from the 1914 translation by H. Rackham.</p>\n',	NULL,	'Campaign_referral'),
(184,	99,	0,	'Reminder email notification ',	'<p>The standard chunk of Lorem Ipsum used since the 1500s is reproduced below for those interested. Sections 1.10.32 and 1.10.33 from &quot;de Finibus Bonorum et Malorum&quot; by Cicero are also reproduced in their exact original form, accompanied by English versions from the 1914 translation by H. Rackham.</p>\n',	NULL,	'Reminder_email'),
(185,	100,	0,	'',	'',	NULL,	'Campaign_entry'),
(186,	100,	0,	'',	'',	NULL,	'Reward_notification'),
(187,	100,	0,	'',	'',	NULL,	'Campaign_referral'),
(188,	100,	0,	'',	'',	NULL,	'Reminder_email'),
(189,	101,	0,	'',	'',	NULL,	'Campaign_entry'),
(190,	101,	0,	'',	'',	NULL,	'Reward_notification'),
(191,	101,	0,	'',	'',	NULL,	'Campaign_referral'),
(192,	101,	0,	'',	'',	NULL,	'Reminder_email'),
(193,	102,	0,	'',	'',	NULL,	'Campaign_entry'),
(194,	102,	0,	'',	'',	NULL,	'Reward_notification'),
(195,	102,	0,	'',	'',	NULL,	'Campaign_referral'),
(196,	102,	0,	'',	'',	NULL,	'Reminder_email'),
(197,	103,	0,	'',	'',	NULL,	'Campaign_entry'),
(198,	103,	0,	'',	'',	NULL,	'Reward_notification'),
(199,	103,	0,	'',	'',	NULL,	'Campaign_referral'),
(200,	103,	0,	'',	'',	NULL,	'Reminder_email'),
(201,	104,	0,	'',	'',	NULL,	'Campaign_entry'),
(202,	104,	0,	'',	'',	NULL,	'Reward_notification'),
(203,	104,	0,	'',	'',	NULL,	'Campaign_referral'),
(204,	104,	0,	'',	'',	NULL,	'Reminder_email'),
(205,	105,	0,	'',	'',	NULL,	'Campaign_entry'),
(206,	105,	0,	'',	'',	NULL,	'Reward_notification'),
(207,	105,	0,	'',	'',	NULL,	'Campaign_referral'),
(208,	105,	0,	'',	'',	NULL,	'Reminder_email'),
(209,	106,	0,	'',	'',	NULL,	'Campaign_entry'),
(210,	106,	0,	'',	'',	NULL,	'Reward_notification'),
(211,	106,	0,	'',	'',	NULL,	'Campaign_referral'),
(212,	106,	0,	'',	'',	NULL,	'Reminder_email'),
(213,	107,	0,	'',	'',	NULL,	'Campaign_entry'),
(214,	107,	0,	'',	'',	NULL,	'Reward_notification'),
(215,	107,	0,	'',	'',	NULL,	'Campaign_referral'),
(216,	107,	0,	'',	'',	NULL,	'Reminder_email'),
(217,	108,	0,	'',	'',	NULL,	'Campaign_entry'),
(218,	108,	0,	'',	'',	NULL,	'Reward_notification'),
(219,	108,	0,	'',	'',	NULL,	'Campaign_referral'),
(220,	108,	0,	'',	'',	NULL,	'Reminder_email'),
(221,	109,	0,	'',	'',	NULL,	'Campaign_entry'),
(222,	109,	0,	'',	'',	NULL,	'Reward_notification'),
(223,	109,	0,	'',	'',	NULL,	'Campaign_referral'),
(224,	109,	0,	'',	'',	NULL,	'Reminder_email'),
(225,	110,	0,	'',	'',	NULL,	'Campaign_entry'),
(226,	110,	0,	'',	'',	NULL,	'Reward_notification'),
(227,	110,	0,	'',	'',	NULL,	'Campaign_referral'),
(228,	110,	0,	'',	'',	NULL,	'Reminder_email'),
(229,	111,	0,	'',	'',	NULL,	'Campaign_entry'),
(230,	111,	0,	'',	'',	NULL,	'Reward_notification'),
(231,	111,	0,	'',	'',	NULL,	'Campaign_referral'),
(232,	111,	0,	'',	'',	NULL,	'Reminder_email'),
(233,	112,	0,	'',	'',	NULL,	'Campaign_entry'),
(234,	112,	0,	'',	'',	NULL,	'Reward_notification'),
(235,	112,	0,	'',	'',	NULL,	'Campaign_referral'),
(236,	112,	0,	'',	'',	NULL,	'Reminder_email'),
(237,	113,	0,	'asd',	'<p>asd</p>\n',	NULL,	'Campaign_entry'),
(238,	113,	0,	'adasd',	'<p>adads</p>\n',	NULL,	'Reward_notification'),
(239,	113,	0,	'asdasd',	'<p>asdasd</p>\n',	NULL,	'Campaign_referral'),
(240,	113,	0,	'adadasd',	'<p>adasdasd</p>\n',	NULL,	'Reminder_email'),
(241,	114,	0,	'',	'',	NULL,	'Campaign_entry'),
(242,	114,	0,	'',	'',	NULL,	'Reward_notification'),
(243,	114,	0,	'',	'',	NULL,	'Campaign_referral'),
(244,	114,	0,	'',	'',	NULL,	'Reminder_email'),
(245,	115,	0,	'',	'',	NULL,	'Campaign_entry'),
(246,	115,	0,	'',	'',	NULL,	'Reward_notification'),
(247,	115,	0,	'',	'',	NULL,	'Campaign_referral'),
(248,	115,	0,	'',	'',	NULL,	'Reminder_email'),
(249,	116,	0,	'',	'',	NULL,	'Campaign_entry'),
(250,	116,	0,	'',	'',	NULL,	'Reward_notification'),
(251,	116,	0,	'',	'',	NULL,	'Campaign_referral'),
(252,	116,	0,	'',	'',	NULL,	'Reminder_email');

DROP TABLE IF EXISTS `rp_email_template_sectons`;
CREATE TABLE `rp_email_template_sectons` (
  `emailTempSecID` int(11) NOT NULL AUTO_INCREMENT,
  `sectionName` varchar(127) NOT NULL,
  `sectionUniqueString` varchar(127) NOT NULL,
  `languageID` int(11) NOT NULL,
  `sectionContent` text NOT NULL,
  `sectionStatus` enum('Active','Inactive','Deleted') NOT NULL DEFAULT 'Active',
  PRIMARY KEY (`emailTempSecID`)
) ENGINE=MyISAM DEFAULT CHARSET=utf8;


DROP TABLE IF EXISTS `rp_email_templates`;
CREATE TABLE `rp_email_templates` (
  `emailTempID` int(11) NOT NULL AUTO_INCREMENT,
  `refProgID` int(20) NOT NULL,
  `emailFromName` varchar(200) NOT NULL,
  `emailFromEmail` varchar(200) NOT NULL,
  `emailTemplateName` varchar(255) NOT NULL,
  `emailSendToKey` varchar(100) NOT NULL,
  `emailKey` varchar(255) NOT NULL,
  `editable` enum('Yes','No') NOT NULL DEFAULT 'Yes',
  `defaultLayout` enum('Yes','No') DEFAULT 'Yes',
  `emailSortOrder` int(11) NOT NULL DEFAULT '256',
  PRIMARY KEY (`emailTempID`)
) ENGINE=MyISAM DEFAULT CHARSET=utf8;

INSERT INTO `rp_email_templates` (`emailTempID`, `refProgID`, `emailFromName`, `emailFromEmail`, `emailTemplateName`, `emailSendToKey`, `emailKey`, `editable`, `defaultLayout`, `emailSortOrder`) VALUES
(43,	82,	'asdfsdfdsf',	'sdfdf',	'',	'',	'',	'Yes',	'Yes',	256),
(44,	82,	'Deal Life',	'info@deallife.com',	'',	'',	'',	'Yes',	'Yes',	256),
(45,	86,	'fgdgdf',	'fddfg',	'',	'',	'',	'Yes',	'Yes',	256),
(46,	86,	'',	'dfgfg',	'',	'',	'',	'Yes',	'Yes',	256),
(47,	86,	'Deal Life',	'info@deallife.com',	'',	'',	'',	'Yes',	'Yes',	256),
(48,	86,	'Pramod Kumar',	'keshripramod@gmail.com',	'',	'',	'',	'Yes',	'Yes',	256),
(49,	86,	'Deal Life',	'info@deallife.com',	'',	'',	'',	'Yes',	'Yes',	256),
(50,	86,	'Deal Life',	'info@deallife.com',	'',	'',	'',	'Yes',	'Yes',	256),
(51,	86,	'Deal Life',	'info@deallife.com',	'',	'',	'',	'Yes',	'Yes',	256),
(52,	86,	'Jyoti',	'rose4jyoti@gmail.com',	'',	'',	'',	'Yes',	'Yes',	256),
(53,	86,	'Deal Life',	'info@deallife.com',	'',	'',	'',	'Yes',	'Yes',	256),
(54,	86,	'Deal Life',	'info@deallife.com',	'',	'',	'',	'Yes',	'Yes',	256),
(55,	86,	'Jyoti',	'rose4jyoti@gmail.com',	'',	'',	'',	'Yes',	'Yes',	256),
(56,	86,	'Deal Life',	'info@deallife.com',	'',	'',	'',	'Yes',	'Yes',	256),
(57,	86,	'Deal Life',	'info@deallife.com',	'',	'',	'',	'Yes',	'Yes',	256),
(58,	86,	'test',	'test@gmail.com',	'',	'',	'',	'Yes',	'Yes',	256),
(64,	86,	'Deal Life',	'info@deallife.com',	'',	'',	'',	'Yes',	'Yes',	256),
(65,	86,	'Deal Life',	'info@deallife.com',	'',	'',	'',	'Yes',	'Yes',	256),
(76,	140,	'fromname',	'replyemail',	'',	'',	'',	'Yes',	'Yes',	256),
(99,	162,	'Deal Life',	'info@deallife.com',	'',	'',	'',	'Yes',	'Yes',	256),
(85,	151,	'vikash',	'iamkeshri@gmail.com',	'',	'',	'',	'Yes',	'Yes',	256),
(96,	159,	'hello..',	'email..',	'',	'',	'',	'Yes',	'Yes',	256),
(89,	154,	'fgfdg',	'dfgfdsg',	'',	'',	'',	'Yes',	'Yes',	256),
(98,	161,	'Deal Life',	'info@deallife.com',	'',	'',	'',	'Yes',	'Yes',	256),
(94,	156,	'fdgfdg',	'rgfg',	'',	'',	'',	'Yes',	'Yes',	256),
(95,	157,	'fdgdfg',	'fdgdf',	'',	'',	'',	'Yes',	'Yes',	256),
(102,	186,	'',	'',	'',	'',	'',	'Yes',	'Yes',	256),
(101,	171,	'Deal Life',	'info@deallife.com',	'',	'',	'',	'Yes',	'Yes',	256),
(106,	216,	'',	'',	'',	'',	'',	'Yes',	'Yes',	256),
(104,	215,	'',	'',	'',	'',	'',	'Yes',	'Yes',	256),
(105,	215,	'',	'',	'',	'',	'',	'Yes',	'Yes',	256),
(109,	222,	'',	'',	'',	'',	'',	'Yes',	'Yes',	256),
(108,	219,	'',	'',	'',	'',	'',	'Yes',	'Yes',	256),
(110,	226,	'',	'',	'',	'',	'',	'Yes',	'Yes',	256),
(111,	227,	'',	'',	'',	'',	'',	'Yes',	'Yes',	256),
(112,	229,	'',	'',	'',	'',	'',	'Yes',	'Yes',	256),
(113,	232,	'bukai',	'abhi9874@gmail.com',	'',	'',	'',	'Yes',	'Yes',	256),
(114,	235,	'Deal Life',	'info@deallife.com',	'',	'',	'',	'Yes',	'Yes',	256),
(115,	236,	'dgf',	'fgzfdgfd',	'',	'',	'',	'Yes',	'Yes',	256),
(116,	237,	'rf;f',	'y;drd yt',	'',	'',	'',	'Yes',	'Yes',	256);

DROP TABLE IF EXISTS `rp_instant_rewards`;
CREATE TABLE `rp_instant_rewards` (
  `instantRewardID` bigint(20) NOT NULL AUTO_INCREMENT,
  `refProgID` int(11) NOT NULL,
  `instantRewardTypeID` int(11) NOT NULL,
  `userID` int(11) NOT NULL,
  `instantRewardCode` varchar(250) NOT NULL,
  `iRewardCreateDate` datetime NOT NULL,
  `iRewardExpiryDate` datetime NOT NULL,
  `status_updated_by` enum('User','Customer','Admin') NOT NULL,
  `status_updated_date` datetime NOT NULL,
  `iRewardStatus` enum('Active','Inactive','Cancelled','Used') NOT NULL,
  `mailSendStatus` enum('Sent','Not') NOT NULL,
  `instantRewardData` blob NOT NULL,
  `linkedUserID` int(11) DEFAULT NULL,
  PRIMARY KEY (`instantRewardID`),
  KEY `indexOrderID` (`instantRewardTypeID`),
  KEY `indexUserID` (`userID`)
) ENGINE=MyISAM DEFAULT CHARSET=utf8;


DROP TABLE IF EXISTS `rp_instant_rewards_codes`;
CREATE TABLE `rp_instant_rewards_codes` (
  `instantRewardCodeID` int(11) NOT NULL AUTO_INCREMENT,
  `instantRewardID` int(11) NOT NULL,
  `instantRewardCode` varchar(255) NOT NULL,
  `instantRewardCodeCreateDate` datetime NOT NULL,
  `instantRewardCodeStatus` enum('New','Used','Delete') NOT NULL DEFAULT 'New',
  `instantRewardStatusUpdateDate` datetime NOT NULL,
  PRIMARY KEY (`instantRewardCodeID`)
) ENGINE=MyISAM DEFAULT CHARSET=utf8;


DROP TABLE IF EXISTS `rp_instant_rewards_type`;
CREATE TABLE `rp_instant_rewards_type` (
  `instantRewardTypeId` int(11) NOT NULL AUTO_INCREMENT,
  `languageID` int(11) NOT NULL,
  `instantRewardTypeName` varchar(255) NOT NULL,
  `instantRewardTypeDescription` text NOT NULL,
  PRIMARY KEY (`instantRewardTypeId`)
) ENGINE=MyISAM DEFAULT CHARSET=utf8;


DROP TABLE IF EXISTS `rp_languages`;
CREATE TABLE `rp_languages` (
  `languageID` int(11) NOT NULL AUTO_INCREMENT,
  `languageName` varchar(32) CHARACTER SET utf8 COLLATE utf8_bin NOT NULL,
  `languageCode` varchar(4) CHARACTER SET utf8 COLLATE utf8_bin NOT NULL,
  `LanguageLCIDstring` varchar(5) NOT NULL,
  `languageLocale` varchar(255) CHARACTER SET utf8 COLLATE utf8_bin NOT NULL,
  `languageImage` varchar(64) CHARACTER SET utf8 COLLATE utf8_bin NOT NULL,
  `languageSortOrder` int(3) NOT NULL,
  `languageStatus` enum('Active','Inactive','Delete') CHARACTER SET utf8 COLLATE utf8_bin NOT NULL DEFAULT 'Active',
  `languageDefault` enum('Yes','No') CHARACTER SET utf8 COLLATE utf8_bin NOT NULL DEFAULT 'No',
  PRIMARY KEY (`languageID`)
) ENGINE=MyISAM DEFAULT CHARSET=utf8;


DROP TABLE IF EXISTS `rp_mail_queue_contents`;
CREATE TABLE `rp_mail_queue_contents` (
  `mailQueueID` mediumint(9) NOT NULL AUTO_INCREMENT,
  `referrerID` int(11) NOT NULL,
  `mailSubject` varchar(255) NOT NULL,
  `mailFromName` varchar(255) NOT NULL,
  `mailFromEmail` varchar(255) NOT NULL,
  `mailContent` text NOT NULL,
  `totalEmailCount` mediumint(9) NOT NULL,
  `totalRemainingCount` mediumint(9) NOT NULL,
  `mailType` varchar(255) NOT NULL,
  `mailScheduledTime` datetime NOT NULL,
  `mailQueueStatus` enum('Queued','Sent','Deleted') NOT NULL,
  PRIMARY KEY (`mailQueueID`)
) ENGINE=MyISAM DEFAULT CHARSET=utf8;


DROP TABLE IF EXISTS `rp_mail_queue_emails`;
CREATE TABLE `rp_mail_queue_emails` (
  `queuedEmailsID` int(11) NOT NULL AUTO_INCREMENT,
  `emailAddress` varchar(255) NOT NULL,
  `mailQueueID` mediumint(9) NOT NULL,
  PRIMARY KEY (`queuedEmailsID`),
  KEY `idxMailQueueID` (`mailQueueID`)
) ENGINE=MyISAM DEFAULT CHARSET=utf8;


DROP TABLE IF EXISTS `rp_payment_accepted_cc`;
CREATE TABLE `rp_payment_accepted_cc` (
  `cardTypeID` int(11) NOT NULL AUTO_INCREMENT,
  `cardTypeCode` varchar(50) NOT NULL,
  `cardType` varchar(100) NOT NULL,
  `enableCVV2` enum('Yes','No') NOT NULL DEFAULT 'Yes',
  `status` enum('Active','Inactive') DEFAULT 'Active',
  PRIMARY KEY (`cardTypeID`)
) ENGINE=MyISAM DEFAULT CHARSET=utf8;


DROP TABLE IF EXISTS `rp_referralprog_images`;
CREATE TABLE `rp_referralprog_images` (
  `referralProgImageID` int(11) NOT NULL AUTO_INCREMENT,
  `referralProgID` int(11) NOT NULL,
  `languageID` int(11) NOT NULL,
  `referralProgImage` varchar(255) NOT NULL,
  `referralProgImageOrder` int(11) NOT NULL,
  `referralProgImageStatus` enum('Active','Inactive') NOT NULL,
  PRIMARY KEY (`referralProgImageID`),
  KEY `indexDealID` (`referralProgID`)
) ENGINE=MyISAM DEFAULT CHARSET=utf8;

INSERT INTO `rp_referralprog_images` (`referralProgImageID`, `referralProgID`, `languageID`, `referralProgImage`, `referralProgImageOrder`, `referralProgImageStatus`) VALUES
(223,	124,	0,	'yovwf72ydyn6hfdtu1gq.jpg',	2,	'Active'),
(222,	124,	0,	'kzmtmrhtbcw8jb75gfan.jpg',	1,	'Active'),
(232,	124,	0,	'4ryydbevjgmmfau0far6.jpg',	2,	'Active'),
(161,	108,	0,	'sh5kluyvgnbfheyssxkr.jpg',	2,	'Active'),
(162,	108,	0,	'rt7lhlbkzl5ohfp3bdmo.jpg',	3,	'Active'),
(163,	108,	0,	'nsmhwiz4t1d8bsaw7vas.jpg',	1,	'Active'),
(164,	108,	0,	'2vgdhkxfor0ujpokygtw.jpg',	2,	'Active'),
(165,	108,	0,	'rvhvedmqmxc7owzfxblr.jpg',	3,	'Active'),
(174,	124,	0,	'8z205pfqxtt4zgcu3sfm.jpg',	1,	'Active'),
(175,	124,	0,	'b0ee3szl6njgqg3gkexd.jpg',	2,	'Active'),
(224,	124,	0,	'4bcqing1co2gkwjyusjo.jpg',	3,	'Active'),
(227,	140,	0,	'0ohechnrbkb0ebzgxwvg.jpg',	1,	'Active'),
(225,	124,	0,	'fnsyyw26mfy1nuxaxmcr.jpg',	1,	'Active'),
(194,	127,	0,	'7ef2dc6r81bube2orfx8.jpg',	1,	'Active'),
(193,	127,	0,	'haeugbacmwyonakqm3nm.jpg',	1,	'Active'),
(192,	127,	0,	'ugkiuk0vp2a8znaosgv6.jpg',	1,	'Active'),
(191,	127,	0,	'pvftl5x544nobeclfstw.jpg',	2,	'Active'),
(190,	127,	0,	'snzcd8zvolmlm4te2ndr.jpg',	1,	'Active'),
(241,	162,	0,	'ciyjyauikp8klzfnymy9.jpg',	2,	'Active'),
(240,	162,	0,	'hhifatqmzy3xblzmsrrx.jpg',	1,	'Active'),
(237,	151,	0,	'r7hlo1bno0iu2koirhfd.jpg',	1,	'Active'),
(238,	151,	0,	'ww9vkodlqtndwbvwwrgf.jpg',	3,	'Active'),
(242,	163,	0,	'yifnac6fxk8xvvasptba.jpg',	2,	'Active'),
(243,	124,	0,	'sxg2w5sqqbvruljux3dm.jpg',	1,	'Active'),
(244,	170,	0,	'kgk3jzx6q4hrkvgdbi1h.jpg',	1,	'Active'),
(245,	170,	0,	'o0uzlykzvnb06l5hmtep.jpg',	2,	'Active'),
(246,	171,	0,	'sszycuvux3yui6bam17b.jpg',	1,	'Active'),
(247,	171,	0,	'epahurmfh6ebwm89jtms.jpg',	2,	'Active'),
(248,	235,	0,	'7ftuq94cqsyzbbc3zfw8.jpg',	1,	'Active'),
(249,	235,	0,	'ixq3ppo0aeoavyic6i8u.jpg',	1,	'Active'),
(250,	227,	0,	'bfbmhbeeeqbpb4rdfala.jpg',	1,	'Active'),
(251,	227,	0,	'nq2nu9qmvflz9xsirmpf.jpg',	1,	'Active'),
(252,	235,	0,	'qx0bxw28sm3t8avholak.jpg',	1,	'Active'),
(253,	235,	0,	'0',	2,	'Active'),
(254,	235,	0,	'3ftlwvououfismf0uftr.jpg',	1,	'Active'),
(255,	235,	0,	'0',	2,	'Active'),
(256,	235,	0,	'zau76qbrbyc1hemtbnli.jpg',	2,	'Active'),
(257,	235,	0,	'v5fzigotkzhitepiegqc.jpg',	2,	'Active'),
(258,	235,	0,	'uuub2tikifv1f4e9eqjw.jpg',	1,	'Active'),
(259,	236,	0,	'feazatdxvj1h1txk9uy6.jpg',	1,	'Active'),
(260,	236,	0,	'q8hsyyofapmhhnax6tev.jpg',	2,	'Active'),
(261,	236,	0,	'ar3zva4gdwyzjppoufyr.jpg',	2,	'Active'),
(262,	233,	0,	'scfojbqwy4nu7rtkxusm.jpg',	1,	'Active'),
(263,	233,	0,	'okijtxgfp1t6gjpfhnh7.jpg',	2,	'Active'),
(264,	233,	0,	'zfp69xuo6gucz7hcu1c0.jpg',	2,	'Active'),
(265,	233,	0,	'cixdufwhqq7iav5vvwpq.jpg',	2,	'Active'),
(266,	162,	0,	'0',	1,	'Active'),
(267,	162,	0,	'u99pkfaw0ipvkokzmdvg.jpg',	1,	'Active');

DROP TABLE IF EXISTS `rp_users_referrals`;
CREATE TABLE `rp_users_referrals` (
  `referralID` bigint(20) NOT NULL AUTO_INCREMENT,
  `referredByUserID` int(11) NOT NULL,
  `referredName` varchar(11) NOT NULL,
  `referredEmail` varchar(100) NOT NULL,
  `referredAccountUsed` varchar(11) NOT NULL COMMENT 'Which accoutn was used (Hotmail, Facebook, Gmail, ...)',
  `referralStatus` enum('Pending','Registered','Deleted','Locked') NOT NULL,
  `referredOnDate` timestamp NULL DEFAULT NULL,
  `LastActDate` datetime NOT NULL,
  `sent_status` varchar(11) DEFAULT '0',
  `campaign_id` varchar(21) DEFAULT NULL,
  PRIMARY KEY (`referralID`)
) ENGINE=MyISAM DEFAULT CHARSET=utf8;

INSERT INTO `rp_users_referrals` (`referralID`, `referredByUserID`, `referredName`, `referredEmail`, `referredAccountUsed`, `referralStatus`, `referredOnDate`, `LastActDate`, `sent_status`, `campaign_id`) VALUES
(470,	205,	'vikashkeshr',	'vikashkeshri31@gmail.com',	'',	'Pending',	NULL,	'0000-00-00 00:00:00',	'1',	'146'),
(469,	205,	'rajeev83sot',	'rajeev83sot@gmail.com',	'',	'Pending',	NULL,	'0000-00-00 00:00:00',	'1',	'146'),
(468,	205,	'javedsohail',	'javedsohail3@gmail.com',	'',	'Pending',	NULL,	'0000-00-00 00:00:00',	'0',	'146'),
(467,	204,	'pk2209',	'pk2209@gmail.com',	'',	'Pending',	NULL,	'0000-00-00 00:00:00',	'1',	'108'),
(466,	204,	'iamkeshri',	'iamkeshri@gmail.com',	'',	'Pending',	NULL,	'0000-00-00 00:00:00',	'1',	'108'),
(465,	204,	'vikashkeshr',	'vikashkeshri31@gmail.com',	'',	'Pending',	NULL,	'0000-00-00 00:00:00',	'1',	'108'),
(464,	204,	'rajeev83sot',	'rajeev83sot@gmail.com',	'',	'Pending',	NULL,	'0000-00-00 00:00:00',	'1',	'108'),
(463,	204,	'javedsohail',	'javedsohail3@gmail.com',	'',	'Pending',	NULL,	'0000-00-00 00:00:00',	'1',	'108'),
(442,	200,	'aveshrajput',	'aveshrajput@outlook.com',	'',	'Pending',	NULL,	'0000-00-00 00:00:00',	'1',	'108'),
(441,	200,	'aveshrajpoo',	'aveshrajpoot@gmail.com',	'',	'Pending',	NULL,	'0000-00-00 00:00:00',	'1',	'108'),
(462,	203,	'pk2209',	'pk2209@gmail.com',	'',	'Pending',	NULL,	'0000-00-00 00:00:00',	'1',	'124'),
(461,	203,	'iamkeshri',	'iamkeshri@gmail.com',	'',	'Pending',	NULL,	'0000-00-00 00:00:00',	'1',	'124'),
(460,	203,	'vikashkeshr',	'vikashkeshri31@gmail.com',	'',	'Pending',	NULL,	'0000-00-00 00:00:00',	'1',	'124'),
(459,	203,	'rajeev83sot',	'rajeev83sot@gmail.com',	'',	'Pending',	NULL,	'0000-00-00 00:00:00',	'1',	'124'),
(458,	203,	'javedsohail',	'javedsohail3@gmail.com',	'',	'Pending',	NULL,	'0000-00-00 00:00:00',	'1',	'124'),
(36,	90,	'l_chateauv',	'l_chateauv@hotmail.com',	'',	'Pending',	NULL,	'0000-00-00 00:00:00',	'1',	'144'),
(37,	90,	'danydenonco',	'danydenoncourt@hotmail.com',	'',	'Pending',	NULL,	'0000-00-00 00:00:00',	'1',	'144'),
(38,	90,	'Etienne Pil',	'etienne@hete.ca',	'',	'Pending',	NULL,	'0000-00-00 00:00:00',	'1',	'144'),
(39,	90,	'karyn valen',	'valenciavalenciagk@gmail.com',	'',	'Pending',	NULL,	'0000-00-00 00:00:00',	'1',	'144'),
(40,	90,	'ticoeur67',	'ticoeur67@gmail.com',	'',	'Pending',	NULL,	'0000-00-00 00:00:00',	'1',	'144'),
(41,	90,	'spamichelle',	'spamichelle@hotmail.com',	'',	'Pending',	NULL,	'0000-00-00 00:00:00',	'1',	'144'),
(42,	91,	'l_chateauv',	'l_chateauv@hotmail.com',	'',	'Pending',	NULL,	'0000-00-00 00:00:00',	'1',	'129'),
(43,	91,	'danydenonco',	'danydenoncourt@hotmail.com',	'',	'Pending',	NULL,	'0000-00-00 00:00:00',	'1',	'129'),
(44,	91,	'Etienne Pil',	'etienne@hete.ca',	'',	'Pending',	NULL,	'0000-00-00 00:00:00',	'1',	'129'),
(45,	91,	'karyn valen',	'valenciavalenciagk@gmail.com',	'',	'Pending',	NULL,	'0000-00-00 00:00:00',	'1',	'129'),
(46,	91,	'ticoeur67',	'ticoeur67@gmail.com',	'',	'Pending',	NULL,	'0000-00-00 00:00:00',	'1',	'129'),
(472,	205,	'pk2209',	'pk2209@gmail.com',	'',	'Pending',	NULL,	'0000-00-00 00:00:00',	'1',	'146'),
(471,	205,	'iamkeshri',	'iamkeshri@gmail.com',	'',	'Pending',	NULL,	'0000-00-00 00:00:00',	'1',	'146'),
(473,	206,	'l_chateauv',	'l_chateauv@hotmail.com',	'',	'Pending',	NULL,	'0000-00-00 00:00:00',	'1',	'144'),
(474,	206,	'ticoeur67',	'ticoeur67',	'',	'Pending',	NULL,	'0000-00-00 00:00:00',	'0',	'144'),
(475,	206,	'danydenonco',	'danydenoncourt@hotmail.com',	'',	'Pending',	NULL,	'0000-00-00 00:00:00',	'1',	'144'),
(476,	206,	'etienne',	'etienne@hete.ca',	'',	'Pending',	NULL,	'0000-00-00 00:00:00',	'1',	'144'),
(477,	206,	'valenciaval',	'valenciavalenciagk@gmail.com',	'',	'Pending',	NULL,	'0000-00-00 00:00:00',	'0',	'144'),
(478,	206,	'ticoeur67',	'ticoeur67@gmail.com',	'',	'Pending',	NULL,	'0000-00-00 00:00:00',	'0',	'144'),
(479,	206,	'spamichelle',	'spamichelle@hotmail.com',	'',	'Pending',	NULL,	'0000-00-00 00:00:00',	'0',	'144'),
(480,	207,	'l_chateauv',	'l_chateauv@hotmail.com',	'',	'Pending',	NULL,	'0000-00-00 00:00:00',	'1',	'147'),
(481,	207,	'ticoeur67',	'ticoeur67',	'',	'Pending',	NULL,	'0000-00-00 00:00:00',	'0',	'147'),
(482,	207,	'danydenonco',	'danydenoncourt@hotmail.com',	'',	'Pending',	NULL,	'0000-00-00 00:00:00',	'1',	'147'),
(483,	207,	'etienne',	'etienne@hete.ca',	'',	'Pending',	NULL,	'0000-00-00 00:00:00',	'1',	'147'),
(484,	207,	'valenciaval',	'valenciavalenciagk@gmail.com',	'',	'Pending',	NULL,	'0000-00-00 00:00:00',	'0',	'147'),
(485,	207,	'ticoeur67',	'ticoeur67@gmail.com',	'',	'Pending',	NULL,	'0000-00-00 00:00:00',	'0',	'147'),
(486,	207,	'spamichelle',	'spamichelle@hotmail.com',	'',	'Pending',	NULL,	'0000-00-00 00:00:00',	'0',	'147'),
(487,	208,	'analiafrias',	'analiafriasdesign@icloud.com',	'',	'Pending',	NULL,	'0000-00-00 00:00:00',	'0',	'144'),
(488,	209,	'bangalorejo',	'bangalorejobs@jobjunctionindia.com',	'',	'Pending',	NULL,	'0000-00-00 00:00:00',	'0',	''),
(489,	209,	'sscner',	'sscner@gmail.com',	'',	'Pending',	NULL,	'0000-00-00 00:00:00',	'0',	''),
(490,	209,	'smitha.teku',	'smitha.tekur@intl.att.com',	'',	'Pending',	NULL,	'0000-00-00 00:00:00',	'0',	''),
(491,	209,	'rhceblogjob',	'rhceblogjobs@gmail.com',	'',	'Pending',	NULL,	'0000-00-00 00:00:00',	'0',	''),
(492,	209,	'jobs',	'jobs@gramtechnet.co.in',	'',	'Pending',	NULL,	'0000-00-00 00:00:00',	'0',	''),
(493,	209,	'india-recru',	'india-recruiting@amazon.com',	'',	'Pending',	NULL,	'0000-00-00 00:00:00',	'0',	''),
(494,	209,	'shanrj17',	'shanrj17@gmail.com',	'',	'Pending',	NULL,	'0000-00-00 00:00:00',	'0',	''),
(495,	209,	'careers',	'careers@esparklight.com',	'',	'Pending',	NULL,	'0000-00-00 00:00:00',	'0',	''),
(496,	209,	'hr',	'hr@sysvine.com',	'',	'Pending',	NULL,	'0000-00-00 00:00:00',	'0',	''),
(497,	209,	'hr',	'hr@nexg.in',	'',	'Pending',	NULL,	'0000-00-00 00:00:00',	'0',	''),
(498,	209,	'manishagarw',	'manishagarwal53@gmail.com',	'',	'Pending',	NULL,	'0000-00-00 00:00:00',	'0',	''),
(499,	209,	'cthr_2012',	'cthr_2012@consummatetechnologies.com',	'',	'Pending',	NULL,	'0000-00-00 00:00:00',	'0',	''),
(500,	209,	'hr',	'hr@gripsell.com',	'',	'Pending',	NULL,	'0000-00-00 00:00:00',	'0',	''),
(501,	209,	'jb',	'jb@endofthenight.com',	'',	'Pending',	NULL,	'0000-00-00 00:00:00',	'0',	''),
(502,	209,	'jobs',	'jobs@sampoorna.com',	'',	'Pending',	NULL,	'0000-00-00 00:00:00',	'0',	''),
(503,	209,	'resumes',	'resumes@apextgi.com',	'',	'Pending',	NULL,	'0000-00-00 00:00:00',	'0',	''),
(504,	209,	'aruna.thump',	'aruna.thumpudi@highradius.com',	'',	'Pending',	NULL,	'0000-00-00 00:00:00',	'0',	''),
(505,	209,	'Neha_kotiya',	'Neha_kotiya@rediffmail.com',	'',	'Pending',	NULL,	'0000-00-00 00:00:00',	'0',	''),
(506,	209,	'jobs',	'jobs@nevpro.co.in',	'',	'Pending',	NULL,	'0000-00-00 00:00:00',	'0',	''),
(507,	209,	'jobs',	'jobs@suparna.net',	'',	'Pending',	NULL,	'0000-00-00 00:00:00',	'0',	''),
(508,	209,	'chandni.j.b',	'chandni.j.batra@gmail.com',	'',	'Pending',	NULL,	'0000-00-00 00:00:00',	'0',	''),
(509,	209,	'jeevitha.hr',	'jeevitha.hr@sairsinfo.com',	'',	'Pending',	NULL,	'0000-00-00 00:00:00',	'0',	''),
(510,	209,	'itengg.bish',	'itengg.bisht@gmail.com',	'',	'Pending',	NULL,	'0000-00-00 00:00:00',	'0',	''),
(511,	209,	'info',	'info@quadsoftwares.com',	'',	'Pending',	NULL,	'0000-00-00 00:00:00',	'0',	''),
(512,	209,	'hiring',	'hiring@appstudioz.com',	'',	'Pending',	NULL,	'0000-00-00 00:00:00',	'0',	''),
(513,	210,	'l_chateauv',	'l_chateauv@hotmail.com',	'',	'Pending',	NULL,	'0000-00-00 00:00:00',	'1',	'161'),
(514,	210,	'ticoeur67',	'ticoeur67',	'',	'Pending',	NULL,	'0000-00-00 00:00:00',	'0',	'161'),
(515,	210,	'danydenonco',	'danydenoncourt@hotmail.com',	'',	'Pending',	NULL,	'0000-00-00 00:00:00',	'1',	'161'),
(516,	210,	'etienne',	'etienne@hete.ca',	'',	'Pending',	NULL,	'0000-00-00 00:00:00',	'1',	'161'),
(517,	210,	'valenciaval',	'valenciavalenciagk@gmail.com',	'',	'Pending',	NULL,	'0000-00-00 00:00:00',	'0',	'161'),
(518,	210,	'ticoeur67',	'ticoeur67@gmail.com',	'',	'Pending',	NULL,	'0000-00-00 00:00:00',	'0',	'161'),
(519,	210,	'spamichelle',	'spamichelle@hotmail.com',	'',	'Pending',	NULL,	'0000-00-00 00:00:00',	'0',	'161');

DROP TABLE IF EXISTS `rpusers`;
CREATE TABLE `rpusers` (
  `userID` bigint(20) NOT NULL AUTO_INCREMENT,
  `userName` varchar(100) NOT NULL,
  `userEmail` varchar(100) NOT NULL,
  `userParticipantCode` varchar(255) NOT NULL,
  `userFirstName` varchar(100) NOT NULL,
  `userLastName` varchar(100) NOT NULL,
  `userPhone` varchar(20) NOT NULL,
  `userRegistredDate` timestamp NOT NULL DEFAULT CURRENT_TIMESTAMP,
  `userLastAccessed` timestamp NOT NULL DEFAULT '0000-00-00 00:00:00',
  `userAdress1` varchar(255) NOT NULL,
  `userAdress2` varchar(255) NOT NULL,
  `userCity` varchar(100) NOT NULL,
  `countryID` int(11) NOT NULL,
  `stateID` int(11) NOT NULL,
  `userZip` varchar(20) NOT NULL,
  `userReferralID` varchar(100) NOT NULL,
  `userReferralPURL` varchar(100) NOT NULL,
  `userProfilePicture` varchar(100) DEFAULT NULL,
  `userDOB` varchar(100) NOT NULL,
  `userGender` enum('Male','Female') DEFAULT NULL,
  `userLoginType` enum('Site','Facebook') NOT NULL,
  `userStatus` enum('Active','Inactive','Deleted','Locked') NOT NULL,
  `userLockedDate` timestamp NOT NULL DEFAULT '0000-00-00 00:00:00',
  `userInvalidAccessCount` int(11) NOT NULL DEFAULT '0',
  `userDefaultLanguage` mediumint(10) NOT NULL,
  `referbyid` varchar(100) NOT NULL,
  PRIMARY KEY (`userID`)
) ENGINE=MyISAM DEFAULT CHARSET=utf8;

INSERT INTO `rpusers` (`userID`, `userName`, `userEmail`, `userParticipantCode`, `userFirstName`, `userLastName`, `userPhone`, `userRegistredDate`, `userLastAccessed`, `userAdress1`, `userAdress2`, `userCity`, `countryID`, `stateID`, `userZip`, `userReferralID`, `userReferralPURL`, `userProfilePicture`, `userDOB`, `userGender`, `userLoginType`, `userStatus`, `userLockedDate`, `userInvalidAccessCount`, `userDefaultLanguage`, `referbyid`) VALUES
(14,	'rajan',	'rajan @gmail.com',	'',	'rajan',	'kumar',	'956004884',	'2013-10-01 00:41:16',	'0000-00-00 00:00:00',	'mohali, india',	'bangalore, india',	'bangalore',	151,	0,	'',	'97',	'',	NULL,	'',	'Male',	'Site',	'Active',	'0000-00-00 00:00:00',	0,	0,	''),
(204,	'vikash keshri',	'iamkeshri@gmail.com',	'',	'',	'',	'',	'2014-03-25 06:07:54',	'0000-00-00 00:00:00',	'',	'',	'',	0,	0,	'',	'108',	'',	NULL,	'',	NULL,	'Site',	'Active',	'0000-00-00 00:00:00',	0,	0,	''),
(205,	'vikash keshri',	'iamkeshri@gmail.com',	'',	'',	'',	'',	'2014-03-26 23:50:53',	'0000-00-00 00:00:00',	'',	'',	'',	0,	0,	'',	'146',	'',	NULL,	'',	NULL,	'Site',	'Active',	'0000-00-00 00:00:00',	0,	0,	''),
(203,	'vikash keshri',	'iamkeshri@gmail.com',	'',	'',	'',	'',	'2014-03-25 06:05:28',	'0000-00-00 00:00:00',	'',	'',	'',	0,	0,	'',	'124',	'',	NULL,	'',	NULL,	'Site',	'Active',	'0000-00-00 00:00:00',	0,	0,	''),
(200,	'abhineet baranwal',	'abhineetsot@gmail.com',	'',	'',	'',	'',	'2014-03-20 07:48:17',	'0000-00-00 00:00:00',	'',	'',	'',	0,	0,	'',	'108',	'',	NULL,	'',	NULL,	'Site',	'Active',	'0000-00-00 00:00:00',	0,	0,	''),
(206,	'Luc Chateauvert',	'luc.chateauvert75@gmail.com',	'',	'',	'',	'',	'2014-03-30 17:27:50',	'0000-00-00 00:00:00',	'',	'',	'',	0,	0,	'',	'144',	'',	NULL,	'',	NULL,	'Site',	'Active',	'0000-00-00 00:00:00',	0,	0,	''),
(207,	'Luc Chateauvert',	'luc.chateauvert75@gmail.com',	'',	'',	'',	'',	'2014-04-03 21:56:16',	'0000-00-00 00:00:00',	'',	'',	'',	0,	0,	'',	'147',	'',	NULL,	'',	NULL,	'Site',	'Active',	'0000-00-00 00:00:00',	0,	0,	''),
(208,	'Johnny Last',	'gentlemn34@gmail.com',	'',	'',	'',	'',	'2014-04-21 20:04:55',	'0000-00-00 00:00:00',	'',	'',	'',	0,	0,	'',	'144',	'',	NULL,	'',	NULL,	'Site',	'Active',	'0000-00-00 00:00:00',	0,	0,	''),
(209,	'vikash keshri',	'vikashkeshri31@gmail.com',	'',	'',	'',	'',	'2014-05-22 23:52:10',	'0000-00-00 00:00:00',	'',	'',	'',	0,	0,	'',	'',	'',	NULL,	'',	NULL,	'Site',	'Active',	'0000-00-00 00:00:00',	0,	0,	''),
(210,	'Luc Chateauvert',	'luc.chateauvert75@gmail.com',	'',	'',	'',	'',	'2014-06-12 06:39:15',	'0000-00-00 00:00:00',	'',	'',	'',	0,	0,	'',	'161',	'',	NULL,	'',	NULL,	'Site',	'Active',	'0000-00-00 00:00:00',	0,	0,	'');

DROP TABLE IF EXISTS `sociallinks`;
CREATE TABLE `sociallinks` (
  `id` int(11) unsigned NOT NULL AUTO_INCREMENT,
  `facebook` varchar(100) DEFAULT NULL,
  `twitter` varchar(100) DEFAULT NULL,
  `linkedin` varchar(100) DEFAULT NULL,
  `created` datetime DEFAULT NULL,
  `modified` datetime DEFAULT NULL,
  PRIMARY KEY (`id`)
) ENGINE=MyISAM DEFAULT CHARSET=latin1;

INSERT INTO `sociallinks` (`id`, `facebook`, `twitter`, `linkedin`, `created`, `modified`) VALUES
(4,	'http://codecanyon.net/user/WeCreateUK',	'http://codecanyon.net/user/WeCreateUK',	'http://codecanyon.net/user/WeCreateUK',	NULL,	NULL);

DROP TABLE IF EXISTS `supports`;
CREATE TABLE `supports` (
  `id` int(11) NOT NULL AUTO_INCREMENT,
  `user_id` int(11) NOT NULL,
  `title` varchar(100) NOT NULL,
  `message` varchar(100) NOT NULL,
  `created` datetime NOT NULL,
  `modified` datetime NOT NULL,
  PRIMARY KEY (`id`)
) ENGINE=MyISAM DEFAULT CHARSET=latin1;

INSERT INTO `supports` (`id`, `user_id`, `title`, `message`, `created`, `modified`) VALUES
(1,	38,	'fdgtfdgtfdg',	'gdgdg',	'0000-00-00 00:00:00',	'0000-00-00 00:00:00'),
(2,	38,	'fgfdgfdg',	'gdfg',	'0000-00-00 00:00:00',	'0000-00-00 00:00:00'),
(3,	38,	'check ',	'this is a tesring message.',	'0000-00-00 00:00:00',	'0000-00-00 00:00:00'),
(4,	38,	'gfrbdf',	'dfbdfbd',	'0000-00-00 00:00:00',	'0000-00-00 00:00:00'),
(5,	38,	'test',	'this is a final message for testing .',	'0000-00-00 00:00:00',	'0000-00-00 00:00:00');

DROP TABLE IF EXISTS `user_tokens`;
CREATE TABLE `user_tokens` (
  `id` int(11) unsigned NOT NULL AUTO_INCREMENT,
  `user_id` int(11) unsigned NOT NULL,
  `user_agent` varchar(40) NOT NULL,
  `token` varchar(40) NOT NULL,
  `type` varchar(100) NOT NULL,
  `created` int(10) unsigned NOT NULL,
  `expires` int(10) unsigned NOT NULL,
  PRIMARY KEY (`id`),
  UNIQUE KEY `uniq_token` (`token`),
  KEY `fk_user_id` (`user_id`),
  CONSTRAINT `user_tokens_ibfk_1` FOREIGN KEY (`user_id`) REFERENCES `users` (`id`) ON DELETE CASCADE
) ENGINE=InnoDB DEFAULT CHARSET=utf8;


DROP TABLE IF EXISTS `users`;
CREATE TABLE `users` (
  `id` int(11) unsigned NOT NULL AUTO_INCREMENT,
  `username` varchar(32) NOT NULL,
  `password` varchar(64) NOT NULL,
  `email` varchar(64) NOT NULL,
  `customerName` varchar(127) NOT NULL,
  `customerKey` varchar(127) NOT NULL,
  `customerAddress1` varchar(127) NOT NULL,
  `customerAddress2` varchar(127) NOT NULL,
  `customerCity` varchar(127) NOT NULL,
  `customerStateProvID` varchar(127) NOT NULL,
  `customerCountryID` varchar(127) NOT NULL,
  `customerCFirstName` varchar(127) NOT NULL,
  `customerCLastName` varchar(127) NOT NULL,
  `customerPhone` varchar(127) NOT NULL,
  `customerZip` varchar(127) NOT NULL,
  `customerWebsite` varchar(127) NOT NULL,
  `customerAddedDate` varchar(127) NOT NULL,
  `customerStatus` varchar(127) NOT NULL,
  `customerDefaultLanguageID` varchar(127) NOT NULL,
  `customerUpdateDate` varchar(127) NOT NULL,
  `loginLockedDate` varchar(127) NOT NULL,
  `loginInvalidAccessCount` varchar(127) NOT NULL,
  `userParticipantCode` varchar(127) NOT NULL,
  `userFirstName` varchar(127) NOT NULL,
  `userLastName` varchar(127) NOT NULL,
  `userPhone` varchar(127) NOT NULL,
  `userRegistredDate` varchar(127) NOT NULL,
  `userLastAccessed` varchar(127) NOT NULL,
  `userAdress1` varchar(127) NOT NULL,
  `userAdress2` varchar(127) NOT NULL,
  `userCity` varchar(127) NOT NULL,
  `countryID` varchar(127) NOT NULL,
  `stateID` varchar(127) NOT NULL,
  `userZip` varchar(127) NOT NULL,
  `userReferralPURL` varchar(127) NOT NULL,
  `userProfilePicture` varchar(127) NOT NULL,
  `userReferralID` varchar(127) NOT NULL,
  `userDOB` varchar(127) NOT NULL,
  `userInvalidAccessCount` varchar(127) NOT NULL,
  `userDefaultLanguage` varchar(127) NOT NULL,
  `userLockedDate` varchar(127) NOT NULL,
  `userStatus` varchar(127) NOT NULL,
  `userGender` varchar(127) NOT NULL,
  `userLoginType` varchar(127) NOT NULL,
  `logins` int(10) unsigned NOT NULL DEFAULT '0',
  `modified` date DEFAULT NULL,
  `role` varchar(100) DEFAULT NULL,
  `created` date DEFAULT NULL,
  `last_login` int(10) unsigned DEFAULT NULL,
  `notification` varchar(10) DEFAULT '0',
  PRIMARY KEY (`id`),
  UNIQUE KEY `uniq_username` (`username`)
) ENGINE=InnoDB DEFAULT CHARSET=utf8;

INSERT INTO `users` (`id`, `username`, `password`, `email`, `customerName`, `customerKey`, `customerAddress1`, `customerAddress2`, `customerCity`, `customerStateProvID`, `customerCountryID`, `customerCFirstName`, `customerCLastName`, `customerPhone`, `customerZip`, `customerWebsite`, `customerAddedDate`, `customerStatus`, `customerDefaultLanguageID`, `customerUpdateDate`, `loginLockedDate`, `loginInvalidAccessCount`, `userParticipantCode`, `userFirstName`, `userLastName`, `userPhone`, `userRegistredDate`, `userLastAccessed`, `userAdress1`, `userAdress2`, `userCity`, `countryID`, `stateID`, `userZip`, `userReferralPURL`, `userProfilePicture`, `userReferralID`, `userDOB`, `userInvalidAccessCount`, `userDefaultLanguage`, `userLockedDate`, `userStatus`, `userGender`, `userLoginType`, `logins`, `modified`, `role`, `created`, `last_login`, `notification`) VALUES
(16,	'chateauv',	'f19e16fcb7e3df4b4eef2fb7a12e02e895ff0d9427b6c09b7266b4733dc72652',	'l_chateauv@hotmail.com',	'Referral Prog',	'',	'1234, Street',	'',	'',	'',	'',	'',	'',	'',	'',	'',	'',	'',	'',	'',	'',	'',	'',	'',	'',	'',	'',	'',	'',	'',	'',	'',	'',	'',	'',	'',	'',	'',	'',	'',	'',	'',	'',	'',	2,	NULL,	NULL,	NULL,	1379602699,	'0'),
(30,	'vikashkeshri31',	'b040fc06fec791f62d6e48794c98e923e4172a5e2ada47557bc142bc73e7d917',	'',	'',	'',	'',	'',	'',	'',	'',	'vikash',	'kumar',	'',	'',	'www.website.com',	'',	'',	'',	'',	'',	'',	'',	'',	'',	'',	'',	'',	'',	'',	'',	'',	'',	'',	'',	'',	'',	'',	'',	'',	'',	'',	'',	'',	1,	NULL,	NULL,	NULL,	1383223442,	'0'),
(36,	'vikash@gmail.com',	'f3d85a2745f938a6ce2e25738a642c3ea4361a2ffeec3d1ad482ad7c35bb57a7',	'',	'',	'',	'',	'',	'',	'',	'',	'fdsgdfdf',	'fdbdf',	'',	'',	'fdhgdf',	'',	'',	'',	'',	'',	'',	'',	'',	'',	'',	'',	'',	'',	'',	'',	'',	'',	'',	'',	'',	'',	'',	'',	'',	'',	'',	'',	'',	3,	NULL,	NULL,	NULL,	1383310276,	'0'),
(37,	'l_chateauv@hotmail.com',	'f3d85a2745f938a6ce2e25738a642c3ea4361a2ffeec3d1ad482ad7c35bb57a7',	'',	'Deal Life',	'',	'street name',	'',	'City',	'QC',	'Canada',	'Luc',	'Greencastle',	'',	'',	'www.deallife.com',	'',	'',	'',	'',	'',	'',	'',	'',	'',	'',	'',	'',	'',	'',	'',	'',	'',	'',	'',	'',	'',	'',	'',	'',	'',	'',	'',	'',	130,	NULL,	NULL,	NULL,	1404654299,	'0'),
(38,	'developer@gmail.com',	'f3d85a2745f938a6ce2e25738a642c3ea4361a2ffeec3d1ad482ad7c35bb57a7',	'',	'jyoti',	'',	'mohali 70',	'dfvfd',	'fdvf',	'vfdvdf',	'vdf',	'rajan',	'kumar',	'fgsnvjfdf',	'',	'www.tour2bhopal.in',	'',	'',	'',	'',	'',	'',	'',	'',	'',	'',	'',	'',	'',	'',	'',	'',	'',	'',	'',	'',	'',	'',	'',	'',	'',	'',	'',	'',	356,	NULL,	'',	NULL,	1404469479,	'1'),
(39,	'pk2209@gmail.com',	'f3d85a2745f938a6ce2e25738a642c3ea4361a2ffeec3d1ad482ad7c35bb57a7',	'',	'',	'',	'',	'',	'',	'',	'',	'pramod',	'kr',	'',	'',	'www.softoasistech.com',	'',	'',	'',	'',	'',	'',	'',	'',	'',	'',	'',	'',	'',	'',	'',	'',	'',	'',	'',	'',	'',	'',	'',	'',	'',	'',	'',	'',	1,	NULL,	NULL,	NULL,	1384344421,	'0'),
(40,	'admin@gmail.com',	'f3d85a2745f938a6ce2e25738a642c3ea4361a2ffeec3d1ad482ad7c35bb57a7',	'',	'',	'',	'',	'',	'',	'',	'',	'admin',	'admin',	'',	'',	'www',	'',	'',	'',	'',	'',	'',	'',	'',	'',	'',	'',	'',	'',	'',	'',	'',	'',	'',	'',	'',	'',	'',	'',	'',	'',	'',	'',	'',	2,	NULL,	'admin',	NULL,	1389079731,	'0'),
(41,	'rose4jyoti@gmail.com',	'f3d85a2745f938a6ce2e25738a642c3ea4361a2ffeec3d1ad482ad7c35bb57a7',	'',	'',	'',	'',	'',	'',	'',	'',	'jyoti',	'kr',	'',	'',	'www.softoasistech.com',	'',	'',	'',	'',	'',	'',	'',	'',	'',	'',	'',	'',	'',	'',	'',	'',	'',	'',	'',	'',	'',	'',	'',	'',	'',	'',	'',	'',	13,	NULL,	NULL,	NULL,	1392122310,	'0');

-- 2014-07-06 23:50:19
